ID,Age,Class,Sex_binary,Attention_Score,Happiness_Score,PhoneUse_Score,T13,T14,school every day,share phone family,electricity at home,parents rules phone,Phone purpose,Phone_total_months,Has_phone
1,15,10,1,2.2666666666666666,3.1666666666666665,4.583333333333333,0.0,4.0,0,0,1,0,Communication,4.0,1.0
2,14,10,0,3.0,3.5833333333333335,4.25,1.0,0.0,0,0,0,0,"School, Games",12.0,1.0
3,14,10,1,1.3333333333333333,3.0,1.0833333333333333,0.0,0.0,0,0,0,0,Communication,0.0,0.0
4,15,10,1,2.0,2.9166666666666665,3.9166666666666665,1.0,0.0,0,1,0,0,School,12.0,1.0
5,16,10,0,2.066666666666667,2.6666666666666665,3.8333333333333335,16.0,0.0,0,0,1,0,Communication,192.0,1.0
6,16,10,1,1.9333333333333333,2.9166666666666665,4.333333333333333,0.0,0.0,0,0,0,1,School,0.0,0.0
7,15,10,0,2.4,2.75,2.5833333333333335,2.0,4.0,0,0,0,0,"Games, Other",28.0,1.0
8,18,10,0,2.066666666666667,3.1666666666666665,4.5,2.0,0.0,0,0,0,0,Communication,24.0,1.0
9,16,10,1,2.466666666666667,3.0833333333333335,4.166666666666667,0.0,2.0,0,0,0,0,Music,2.0,1.0
10,16,10,0,2.0,2.6666666666666665,2.9166666666666665,14.0,0.0,0,1,0,0,School,168.0,1.0
11,16,10,0,2.3333333333333335,2.75,3.25,1.0,0.0,0,0,1,0,School,12.0,1.0
12,15,10,1,2.6,3.5,3.75,2.0,0.0,0,0,0,0,Games,24.0,1.0
13,17,10,1,1.9333333333333333,3.4166666666666665,3.8333333333333335,0.0,0.0,0,0,0,0,School,0.0,0.0
14,17,10,1,2.1333333333333333,3.0833333333333335,3.0833333333333335,0.0,0.0,0,1,0,0,Social Media,0.0,0.0
15,17,10,1,2.2666666666666666,3.25,5.333333333333333,4.0,0.0,0,0,0,0,Other,48.0,1.0
16,17,10,1,2.3333333333333335,2.4166666666666665,2.5833333333333335,15.0,0.0,0,0,0,0,School,180.0,1.0
17,17,10,1,2.4,3.0833333333333335,3.1666666666666665,1.0,4.0,0,0,0,0,School,16.0,1.0
18,15,10,1,2.066666666666667,2.75,5.083333333333333,14.0,0.0,0,1,0,0,Communication,168.0,1.0
19,14,10,0,2.066666666666667,3.3333333333333335,1.0,0.0,0.0,0,0,0,0,School,0.0,0.0
20,15,10,0,1.9333333333333333,3.0,2.8333333333333335,0.0,4.0,0,0,0,0,Games,4.0,1.0
21,14,10,0,2.7333333333333334,3.5833333333333335,2.9166666666666665,1.0,4.0,0,0,1,0,Games,16.0,1.0
22,16,10,1,2.1333333333333333,3.0833333333333335,2.75,0.0,2.0,0,0,0,1,Music,2.0,1.0
23,13,10,0,2.8666666666666667,2.25,2.5,0.0,3.0,0,0,1,0,Communication,3.0,1.0
24,16,10,0,2.7333333333333334,2.6666666666666665,2.4166666666666665,5.0,2.0,0,1,0,0,School,62.0,1.0
25,14,10,0,2.2666666666666666,2.8333333333333335,3.8333333333333335,13.0,0.0,0,0,0,0,School,156.0,1.0
26,16,10,0,2.533333333333333,3.5,4.166666666666667,10.0,8.0,0,1,1,1,Games,128.0,1.0
27,16,10,1,2.4,3.0833333333333335,3.5833333333333335,15.0,8.0,0,0,0,0,Music,188.0,1.0
28,15,10,0,2.4,2.6666666666666665,3.8333333333333335,0.0,4.0,0,1,0,0,"Communication, Games, Social Media, Music",4.0,1.0
29,17,10,0,1.6,3.5833333333333335,5.5,0.0,0.0,0,0,0,0,Communication,0.0,0.0
30,15,10,1,1.6666666666666667,3.6666666666666665,5.083333333333333,1.0,0.0,0,0,0,0,School,12.0,1.0
31,17,10,0,2.8,2.9166666666666665,4.166666666666667,5.0,9.0,0,0,1,1,Music,69.0,1.0
32,20,10,0,2.6,2.8333333333333335,3.4166666666666665,0.0,9.0,0,0,1,0,Communication,9.0,1.0
33,17,10,0,3.0,2.5,1.5,16.0,0.0,0,0,0,0,Music,192.0,1.0
34,17,10,0,2.2666666666666666,2.3333333333333335,1.0,0.0,0.0,1,0,0,0,Other,0.0,0.0
35,19,10,1,2.4,2.1666666666666665,2.8333333333333335,2.0,0.0,0,1,0,0,Games,24.0,1.0
36,18,10,1,1.9333333333333333,2.5833333333333335,4.583333333333333,2.0,0.0,0,0,0,0,Communication,24.0,1.0
37,17,10,1,2.1333333333333333,2.6666666666666665,5.083333333333333,8.0,0.0,0,1,0,0,School,96.0,1.0
38,15,10,0,2.1333333333333333,2.6666666666666665,3.5833333333333335,0.0,1.0,0,0,1,0,Music,1.0,1.0
39,14,10,0,3.466666666666667,3.0,4.333333333333333,3.0,0.0,0,1,0,0,Games,36.0,1.0
40,17,10,1,2.066666666666667,2.5833333333333335,4.75,0.0,2.0,0,0,0,0,Communication,2.0,1.0
41,17,10,1,1.7333333333333334,2.5,3.3333333333333335,2.0,0.0,0,0,0,1,Communication,24.0,1.0
42,20,10,1,2.7333333333333334,3.0,4.416666666666667,1.0,0.0,0,0,0,0,Communication,12.0,1.0
43,19,10,1,2.4,2.75,3.25,4.0,0.0,0,0,0,0,Communication,48.0,1.0
44,19,10,1,2.0,2.5833333333333335,3.25,6.0,0.0,0,0,0,1,"School, Communication, Music",72.0,1.0
45,18,10,1,1.6666666666666667,2.9166666666666665,4.083333333333333,8.0,0.0,0,0,1,0,Other,96.0,1.0
46,17,10,0,1.0666666666666667,2.3333333333333335,2.5,1.0,0.0,0,0,1,0,Music,12.0,1.0
47,19,10,0,1.5333333333333334,2.6666666666666665,4.666666666666667,10.0,0.0,1,1,0,1,Other,120.0,1.0
48,16,10,0,2.066666666666667,2.8333333333333335,2.0,1.0,9.0,0,0,0,0,Communication,21.0,1.0
49,16,10,0,2.533333333333333,2.9166666666666665,1.0,0.0,0.0,1,1,1,1,Other,0.0,0.0
50,15,10,0,2.066666666666667,3.25,5.75,2.0,0.0,1,1,0,0,Other,24.0,1.0
51,16,10,0,2.933333333333333,2.9166666666666665,4.0,13.0,6.0,0,0,0,0,Social Media,162.0,1.0
52,17,10,0,2.2666666666666666,3.0833333333333335,3.8333333333333335,1.0,0.0,0,0,0,1,Communication,12.0,1.0
53,17,10,1,2.3333333333333335,2.8333333333333335,3.6666666666666665,0.0,5.0,0,0,1,0,Communication,5.0,1.0
54,17,10,1,3.3333333333333335,3.0833333333333335,3.1666666666666665,2.0,4.0,0,0,0,0,Communication,28.0,1.0
55,16,10,0,2.8666666666666667,2.5833333333333335,6.0,6.0,0.0,1,1,1,1,Other,72.0,1.0
56,15,10,0,2.2,3.0833333333333335,1.9166666666666667,0.0,5.0,0,0,1,0,School,5.0,1.0
57,14,10,0,2.8666666666666667,2.9166666666666665,3.4166666666666665,0.0,0.0,0,0,0,1,School,0.0,0.0
58,14,10,0,2.1333333333333333,2.5,1.0,0.0,0.0,0,1,0,0,School,0.0,0.0
59,16,10,0,2.6666666666666665,3.3333333333333335,3.0833333333333335,1.0,3.0,0,1,0,1,Communication,15.0,1.0
60,14,10,1,3.0,2.6666666666666665,2.0833333333333335,14.0,0.0,0,0,1,0,Communication,168.0,1.0
61,17,10,1,1.8,2.8333333333333335,2.6666666666666665,0.0,0.0,0,1,0,0,Communication,0.0,0.0
62,16,10,0,1.4666666666666666,2.6666666666666665,2.5833333333333335,0.0,1.0,0,0,0,0,Communication,1.0,1.0
63,15,10,1,2.466666666666667,2.6666666666666665,3.5,0.0,4.0,0,1,0,0,Other,4.0,1.0
64,13,10,1,2.466666666666667,3.0833333333333335,3.3333333333333335,1.0,6.0,0,0,0,0,Other,18.0,1.0
65,18,10,1,2.3333333333333335,2.9166666666666665,3.6666666666666665,1.0,0.0,0,0,0,0,Music,12.0,1.0
66,17,10,1,1.5333333333333334,2.0,4.833333333333333,3.0,0.0,0,0,0,1,Music,36.0,1.0
67,14,10,1,2.066666666666667,2.3333333333333335,3.0,2.0,0.0,0,0,0,0,Other,24.0,1.0
68,19,10,1,1.6666666666666667,1.9166666666666667,1.0,0.0,0.0,0,0,1,0,School,0.0,0.0
69,16,10,1,2.2,2.9166666666666665,3.5,3.0,0.0,0,1,0,0,Communication,36.0,1.0
70,16,10,0,2.4,3.5833333333333335,3.6666666666666665,0.0,0.0,0,0,0,0,Communication,0.0,0.0
71,15,10,1,1.7333333333333334,3.25,4.0,0.0,3.0,0,0,0,0,Games,3.0,1.0
72,15,10,1,1.8,3.1666666666666665,3.3333333333333335,0.0,3.0,0,0,0,0,Music,3.0,1.0
73,17,10,1,2.6666666666666665,3.0,2.4166666666666665,1.0,0.0,0,0,1,0,School,12.0,1.0
74,17,10,1,2.8,2.0833333333333335,3.5833333333333335,0.0,6.0,0,0,0,0,Communication,6.0,1.0
75,15,10,1,2.0,2.5,1.75,0.0,1.0,0,0,0,0,Games,1.0,1.0
76,17,10,1,2.066666666666667,3.0,2.5,0.0,5.0,0,0,1,0,School,5.0,1.0
77,15,10,0,2.466666666666667,2.9166666666666665,3.6666666666666665,0.0,8.0,0,1,0,1,Other,8.0,1.0
78,17,10,1,1.9333333333333333,2.6666666666666665,3.75,0.0,3.0,0,1,0,0,Social Media,3.0,1.0
79,15,10,1,2.3333333333333335,2.5833333333333335,3.0833333333333335,0.0,0.0,0,0,0,1,Music,0.0,0.0
80,14,10,1,2.6666666666666665,2.5,3.3333333333333335,3.0,0.0,0,0,0,0,Other,36.0,1.0
81,15,10,1,2.466666666666667,2.8333333333333335,2.3333333333333335,0.0,0.0,0,0,1,0,School,0.0,0.0
82,15,10,1,2.2666666666666666,2.9166666666666665,3.3333333333333335,0.0,1.0,0,0,0,0,School,1.0,1.0
83,17,10,1,2.1333333333333333,2.8333333333333335,2.25,4.0,10.0,0,0,0,0,Music,58.0,1.0
84,16,10,0,2.3333333333333335,3.4166666666666665,4.416666666666667,0.0,0.0,0,0,0,0,Social Media,0.0,0.0
85,13,7,0,2.6,2.8333333333333335,2.9166666666666665,0.0,4.0,0,0,1,0,Communication,4.0,1.0
86,15,7,1,3.8,2.1666666666666665,2.25,0.0,0.0,0,1,0,1,Games,0.0,0.0
87,13,7,1,2.466666666666667,3.25,1.0,0.0,0.0,0,0,1,0,School,0.0,0.0
88,11,7,1,2.466666666666667,2.75,2.5833333333333335,0.0,0.0,0,0,1,0,School,0.0,0.0
89,11,7,0,3.6,2.8333333333333335,1.0,0.0,0.0,0,0,0,0,social media,0.0,0.0
90,11,7,0,2.2666666666666666,3.0,5.333333333333333,0.0,0.0,0,0,1,0,Games,0.0,0.0
91,12,7,0,1.9333333333333333,2.3333333333333335,5.75,0.0,4.0,0,1,0,0,Communication,4.0,1.0
92,12,7,1,2.2666666666666666,2.9166666666666665,1.6666666666666667,0.0,0.0,0,1,1,1,Games,0.0,0.0
93,12,7,0,1.8,2.75,3.6666666666666665,0.0,1.0,0,0,1,0,School,1.0,1.0
94,12,7,0,2.533333333333333,2.5833333333333335,3.8333333333333335,0.0,0.0,0,0,1,0,Communication,0.0,0.0
95,13,7,1,2.3333333333333335,3.0833333333333335,5.166666666666667,0.0,0.0,0,0,0,1,School,0.0,0.0
96,13,7,0,1.6666666666666667,2.6666666666666665,4.333333333333333,3.0,0.0,0,0,0,0,Music,36.0,1.0
97,12,7,0,2.466666666666667,2.4166666666666665,1.8333333333333333,0.0,0.0,0,0,1,0,Communication,0.0,0.0
98,13,7,0,2.7333333333333334,3.1666666666666665,3.75,0.0,0.0,0,1,0,1,School,0.0,0.0
99,14,7,1,2.4,2.3333333333333335,4.25,0.0,0.0,0,1,0,0,Games,0.0,0.0
100,15,7,1,2.8,2.3333333333333335,3.5833333333333335,0.0,0.0,0,1,0,1,Music,0.0,0.0
101,11,7,0,2.6666666666666665,3.0,3.75,2.0,0.0,0,0,0,0,Communication,24.0,1.0
102,12,7,0,2.2666666666666666,2.9166666666666665,3.9166666666666665,5.0,9.0,0,0,0,0,Social Media,69.0,1.0
103,13,7,0,1.8,2.75,4.833333333333333,0.0,0.0,0,1,0,0,Games,0.0,0.0
104,15,7,1,3.466666666666667,2.0,4.166666666666667,0.0,0.0,0,1,0,1,Music,0.0,0.0
105,12,7,1,2.4,2.9166666666666665,3.75,0.0,7.0,0,0,0,0,Communication,7.0,1.0
106,11,7,1,2.8,3.3333333333333335,2.4166666666666665,0.0,0.0,0,0,0,1,Music,0.0,0.0
107,13,7,1,2.466666666666667,3.4166666666666665,4.75,0.0,0.0,0,0,0,0,Games,0.0,0.0
108,12,7,1,2.466666666666667,3.4166666666666665,1.0,0.0,0.0,0,0,0,0,Games,0.0,0.0
109,12,7,1,3.2666666666666666,2.8333333333333335,2.0833333333333335,0.0,0.0,1,0,0,0,Music,0.0,0.0
110,17,7,0,2.6,2.8333333333333335,4.166666666666667,6.0,7.0,0,1,0,0,School,79.0,1.0
111,14,7,0,2.533333333333333,3.1666666666666665,3.25,0.0,0.0,1,0,1,1,Games,0.0,0.0
112,12,7,1,2.2666666666666666,2.1666666666666665,3.3333333333333335,0.0,0.0,0,0,1,0,Games,0.0,0.0
113,15,7,0,1.8,2.5833333333333335,1.0,0.0,0.0,0,1,0,0,Music,0.0,0.0
114,12,7,1,3.0,3.1666666666666665,3.5833333333333335,0.0,0.0,0,0,0,0,Games,0.0,0.0
115,15,7,0,2.8,2.5833333333333335,1.0,0.0,0.0,0,0,0,0,School,0.0,0.0
116,12,7,1,2.7333333333333334,3.0,2.25,0.0,0.0,0,0,0,0,Communication,0.0,0.0
117,12,7,1,2.2666666666666666,2.9166666666666665,3.3333333333333335,1.0,6.0,0,0,1,0,Games,18.0,1.0
118,13,7,1,3.466666666666667,3.0833333333333335,2.9166666666666665,0.0,0.0,0,0,1,1,Games,0.0,0.0
119,14,7,1,1.5333333333333334,2.8333333333333335,1.0,0.0,0.0,0,1,0,1,School,0.0,0.0
120,13,7,0,1.4666666666666666,2.75,4.833333333333333,0.0,0.0,0,1,0,0,Games,0.0,0.0
121,12,7,1,3.066666666666667,2.1666666666666665,1.0,12.0,20.0,0,0,0,1,Games,164.0,1.0
122,13,7,1,2.4,2.8333333333333335,5.0,0.0,0.0,0,0,0,0,School,0.0,0.0
123,12,7,1,1.9333333333333333,3.1666666666666665,4.5,0.0,0.0,0,0,0,0,Music,0.0,0.0
124,15,7,1,2.8,2.4166666666666665,4.083333333333333,0.0,0.0,0,1,1,1,"School, Communication, Games, Social media, Music, Other",0.0,0.0
125,11,7,0,2.2,4.0,5.083333333333333,0.0,4.0,0,0,0,0,Social media,4.0,1.0
126,13,7,1,2.3333333333333335,3.25,1.0,0.0,0.0,0,0,0,0,Social media,0.0,0.0
127,13,7,1,3.533333333333333,3.0,4.25,0.0,0.0,0,0,1,0,Other,0.0,0.0
128,11,7,1,2.8666666666666667,2.0833333333333335,3.5,0.0,0.0,0,0,0,0,School,0.0,0.0
129,15,7,0,2.533333333333333,3.5833333333333335,4.916666666666667,0.0,0.0,0,1,0,1,Music,0.0,0.0
130,15,7,1,2.1333333333333333,2.5833333333333335,4.0,11.0,0.0,0,0,1,0,Social media,132.0,1.0
131,12,7,1,2.6666666666666665,2.8333333333333335,3.9166666666666665,10.0,0.0,0,0,1,0,Music,120.0,1.0
132,15,7,1,2.6666666666666665,2.5,3.5833333333333335,0.0,0.0,0,1,0,1,School,0.0,0.0
133,13,7,1,3.2,2.3333333333333335,7.0,0.0,0.0,0,0,0,0,Games,0.0,0.0
134,12,7,1,3.2666666666666666,3.1666666666666665,4.666666666666667,0.0,0.0,0,0,0,0,"Games, Music",0.0,0.0
135,13,7,1,4.0,2.25,1.0,0.0,0.0,0,0,0,0,"School, Communication, Games, Social media, Music, Other",0.0,0.0
136,15,7,0,1.8666666666666667,3.0,1.0,0.0,0.0,0,0,1,0,Communication,0.0,0.0
137,12,7,1,2.8,2.5833333333333335,1.0,0.0,0.0,0,1,1,0,Music,0.0,0.0
138,12,7,1,3.8666666666666667,2.3333333333333335,3.1666666666666665,0.0,0.0,0,1,0,0,Social media,0.0,0.0
139,14,7,1,2.0,2.4166666666666665,3.9166666666666665,0.0,0.0,1,0,1,1,Communication,0.0,0.0
140,12,7,1,2.0,2.5833333333333335,4.583333333333333,0.0,0.0,0,0,1,0,School,0.0,0.0
141,13,7,0,2.0,2.75,3.4166666666666665,0.0,2.0,0,0,0,1,"Games, Other",2.0,1.0
142,12,7,0,2.1333333333333333,2.6666666666666665,2.25,1.0,0.0,0,0,0,1,Games,12.0,1.0
143,12,7,0,2.4,3.0833333333333335,1.0,0.0,0.0,0,0,0,0,Other,0.0,0.0
144,12,7,1,1.9333333333333333,3.0,6.0,1.0,0.0,0,0,0,0,School,12.0,1.0
145,12,7,1,2.0,3.1666666666666665,4.0,0.0,0.0,0,0,0,0,School,0.0,0.0
146,15,7,0,2.466666666666667,3.0833333333333335,4.083333333333333,0.0,0.0,0,0,0,0,Games,0.0,0.0
147,11,7,0,2.3333333333333335,2.5,5.333333333333333,2.0,10.0,0,0,1,0,School,34.0,1.0
148,15,7,0,3.533333333333333,2.1666666666666665,1.5,8.0,0.0,0,0,0,0,School,96.0,1.0
149,13,7,0,2.466666666666667,3.1666666666666665,1.0,0.0,0.0,0,0,0,0,Communication,0.0,0.0
150,13,7,0,2.066666666666667,3.1666666666666665,5.083333333333333,0.0,0.0,0,0,1,0,Other,0.0,0.0
151,12,7,0,1.8666666666666667,2.75,4.583333333333333,0.0,0.0,0,0,0,0,"Games, Other",0.0,0.0
152,15,7,0,2.6666666666666665,3.1666666666666665,1.0,0.0,0.0,0,1,1,1,Other,0.0,0.0
153,15,7,0,2.6,2.75,1.75,0.0,0.0,0,0,0,0,Games,0.0,0.0
154,14,7,0,2.066666666666667,2.5833333333333335,2.0833333333333335,0.0,0.0,0,0,1,0,Communication,0.0,0.0
155,13,7,1,2.6,2.9166666666666665,1.8333333333333333,0.0,0.0,0,1,1,0,Games,0.0,0.0
156,13,7,1,2.7333333333333334,3.0,4.833333333333333,0.0,0.0,0,1,1,0,Games,0.0,0.0
157,15,7,1,3.2666666666666666,3.0833333333333335,5.166666666666667,0.0,0.0,0,1,1,0,"School,Other",0.0,0.0
158,15,7,0,2.066666666666667,3.25,4.583333333333333,0.0,0.0,0,0,0,1,Other,0.0,0.0
159,15,0,1,2.2,2.6666666666666665,4.0,0.0,0.0,1,0,1,0,Other,0.0,0.0
160,15,7,0,3.0,2.1666666666666665,4.5,0.0,6.0,1,0,0,0,Games,6.0,1.0
161,14,7,0,3.0,2.0833333333333335,4.333333333333333,1.0,0.0,0,0,1,0,Communication,12.0,1.0
162,15,7,1,2.6666666666666665,2.1666666666666665,1.5,0.0,0.0,0,0,1,0,Games,0.0,0.0
163,14,7,0,2.6,2.9166666666666665,1.9166666666666667,0.0,0.0,0,0,1,0,Communication,0.0,0.0
164,13,7,0,2.8,2.0,1.0,0.0,0.0,0,0,1,1,Other,0.0,0.0
165,13,7,0,3.6666666666666665,2.0833333333333335,1.9166666666666667,0.0,0.0,0,0,0,0,Other,0.0,0.0
166,12,7,0,1.6666666666666667,2.9166666666666665,1.0,0.0,0.0,0,1,0,1,Other,0.0,0.0
167,11,7,1,1.6,2.75,4.416666666666667,0.0,6.0,0,0,0,0,Communication,6.0,1.0
168,10,7,1,1.9333333333333333,3.0,1.0,0.0,0.0,0,1,0,1,Other,0.0,0.0
169,12,7,1,2.7333333333333334,2.8333333333333335,1.0,0.0,0.0,0,1,0,1,Other,0.0,0.0
170,13,7,1,4.0,2.75,2.8333333333333335,0.0,0.0,0,0,1,0,Games,0.0,0.0
171,12,7,1,2.2,2.75,3.3333333333333335,0.0,2.0,0,0,0,0,Other,2.0,1.0
172,12,7,0,4.0,2.25,1.25,0.0,0.0,0,0,0,1,School,0.0,0.0
173,13,7,1,1.9333333333333333,2.75,1.5833333333333333,0.0,0.0,0,0,0,0,"Communication, Games",0.0,0.0
174,15,7,1,2.933333333333333,2.75,3.3333333333333335,2.0,0.0,0,1,0,1,"Communication, Games, Music",24.0,1.0
175,13,7,0,1.8666666666666667,3.25,5.0,0.0,0.0,0,1,0,1,Communication,0.0,0.0
176,14,7,1,2.466666666666667,2.9166666666666665,3.6666666666666665,0.0,0.0,0,0,0,0,Games,0.0,0.0
177,15,7,0,3.2,2.4166666666666665,3.75,1.0,3.0,0,0,1,0,Communication,15.0,1.0
178,14,7,0,2.8666666666666667,3.0,3.5,9.0,0.0,0,0,1,0,Communication,108.0,1.0
179,11,7,0,2.6,2.9166666666666665,3.6666666666666665,0.0,0.0,0,0,1,0,School,0.0,0.0
180,15,7,0,2.6,2.5833333333333335,4.583333333333333,0.0,0.0,0,1,0,1,Communication,0.0,0.0
181,13,7,1,3.6,2.3333333333333335,1.0,0.0,0.0,1,0,0,0,School,0.0,0.0
182,12,7,1,2.4,3.1666666666666665,2.3333333333333335,1.0,0.0,0,0,0,0,Music,12.0,1.0
183,12,7,0,1.9333333333333333,3.25,1.0,0.0,0.0,1,1,0,0,Games,0.0,0.0
184,13,7,1,2.2,3.0833333333333335,1.0,0.0,0.0,0,0,1,0,Other,0.0,0.0
185,13,7,1,2.6666666666666665,2.25,2.0833333333333335,0.0,3.0,0,0,0,0,Games,3.0,1.0
186,12,7,0,2.2666666666666666,2.5833333333333335,1.0,0.0,0.0,0,0,0,0,Other,0.0,0.0
187,13,7,0,4.0,2.25,1.0,0.0,0.0,0,0,0,0,School,0.0,0.0
188,15,7,0,2.6,2.5,3.5833333333333335,0.0,0.0,0,0,0,0,Music,0.0,0.0
189,12,7,0,2.8666666666666667,2.25,1.0,0.0,0.0,0,1,1,1,Other,0.0,0.0
190,12,7,0,3.1333333333333333,1.8333333333333333,1.0,1.0,1.0,0,0,0,0,Other,13.0,1.0
191,11,7,0,2.8666666666666667,2.8333333333333335,1.0,0.0,0.0,0,1,0,1,Other,0.0,0.0
192,13,7,0,2.066666666666667,3.1666666666666665,4.333333333333333,0.0,7.0,0,0,0,0,Music,7.0,1.0
193,14,7,1,3.2666666666666666,2.0,1.3333333333333333,0.0,0.0,0,0,0,1,Other,0.0,0.0
194,12,7,1,3.4,1.8333333333333333,1.0,0.0,0.0,0,1,0,1,Other,0.0,0.0
195,13,7,1,2.2,2.75,1.0,0.0,0.0,0,0,0,0,School,0.0,0.0
196,13,7,1,1.4666666666666666,3.0,1.25,0.0,0.0,0,1,1,1,School,0.0,0.0
197,12,7,0,2.2666666666666666,2.8333333333333335,1.0,0.0,0.0,0,0,0,0,Games,0.0,0.0
198,13,7,1,1.8,2.0,1.0,0.0,0.0,0,1,1,1,Other,0.0,0.0
199,13,7,1,2.6666666666666665,2.9166666666666665,1.0,0.0,0.0,0,0,0,0,Games,0.0,0.0
200,11,7,1,2.0,2.75,3.0,2.0,0.0,0,0,0,1,Games,24.0,1.0
201,13,7,1,1.9333333333333333,2.9166666666666665,4.083333333333333,0.0,0.0,0,1,0,1,Games,0.0,0.0
202,14,7,1,2.6666666666666665,3.1666666666666665,1.0,0.0,0.0,0,1,0,0,Other,0.0,0.0
203,13,7,1,2.2666666666666666,2.0833333333333335,1.0,0.0,0.0,0,1,1,1,School,0.0,0.0
204,15,7,1,2.6666666666666665,3.3333333333333335,1.0,0.0,0.0,0,1,1,1,School,0.0,0.0
205,15,7,0,2.8,2.5,2.0833333333333335,0.0,3.0,0,0,0,0,School,3.0,1.0
206,13,7,0,1.8666666666666667,2.4166666666666665,6.0,3.0,7.0,0,0,0,0,Other,43.0,1.0
207,16,7,0,2.3333333333333335,2.8333333333333335,4.5,1.0,0.0,0,0,0,0,Other,12.0,1.0
208,14,7,1,2.2666666666666666,2.5,6.0,2.0,0.0,0,0,0,0,Social media,24.0,1.0
209,18,7,0,2.2,2.5,2.8333333333333335,0.0,4.0,0,0,1,0,Communication,4.0,1.0
210,11,7,1,2.066666666666667,2.9166666666666665,3.9166666666666665,0.0,0.0,0,0,1,0,School,0.0,0.0
211,15,7,0,3.8,2.25,1.0833333333333333,0.0,0.0,0,0,0,0,School,0.0,0.0
212,12,7,1,3.2666666666666666,2.0833333333333335,1.9166666666666667,0.0,3.0,1,1,0,1,School,3.0,1.0
213,11,7,1,2.466666666666667,3.0833333333333335,3.0833333333333335,0.0,0.0,0,0,0,0,School,0.0,0.0
214,14,7,1,2.8,2.5833333333333335,4.916666666666667,0.0,0.0,0,1,1,0,Music,0.0,0.0
215,12,7,1,4.0,2.25,3.25,5.0,3.0,0,0,0,0,School,63.0,1.0
216,12,7,1,3.2,3.25,1.5833333333333333,0.0,2.0,0,0,0,0,Games,2.0,1.0
217,11,7,0,2.3333333333333335,3.1666666666666665,4.416666666666667,0.0,4.0,0,1,0,0,Games,4.0,1.0
218,12,7,1,2.4,3.5833333333333335,1.0,0.0,0.0,0,0,0,0,School,0.0,0.0
219,11,7,0,2.1333333333333333,3.5833333333333335,2.4166666666666665,0.0,4.0,0,0,0,1,Music,4.0,1.0
220,15,7,0,2.533333333333333,2.6666666666666665,3.9166666666666665,0.0,0.0,0,0,1,1,Games,0.0,0.0
221,11,7,1,3.1333333333333333,2.4166666666666665,4.166666666666667,2.0,0.0,0,0,0,0,Games,24.0,1.0
222,13,7,1,1.9333333333333333,2.8333333333333335,4.666666666666667,0.0,0.0,0,0,0,0,Games,0.0,0.0
223,15,7,1,3.0,2.5,4.083333333333333,1.0,2.0,0,0,0,0,Games,14.0,1.0
224,12,7,0,2.7333333333333334,3.5,3.1666666666666665,3.0,0.0,0,0,0,0,"School, Communication, Games, Social media, Music, Other",36.0,1.0
225,17,7,1,2.6,2.6666666666666665,4.083333333333333,0.0,3.0,0,1,0,0,Communication,3.0,1.0
226,11,7,1,3.1333333333333333,2.5833333333333335,3.25,0.0,0.0,1,0,0,0,School,0.0,0.0
227,14,7,1,2.933333333333333,3.3333333333333335,3.8333333333333335,0.0,0.0,0,0,0,1,Games,0.0,0.0
228,13,7,1,2.6666666666666665,2.6666666666666665,3.5,0.0,0.0,0,1,0,1,Social media,0.0,0.0
229,12,7,0,2.6666666666666665,3.25,4.083333333333333,0.0,0.0,0,0,1,0,School,0.0,0.0
230,18,7,0,2.533333333333333,2.25,4.166666666666667,5.0,0.0,0,1,1,0,School,60.0,1.0
231,13,7,1,2.1333333333333333,3.4166666666666665,1.0,0.0,0.0,0,0,1,0,School,0.0,0.0
232,12,7,1,2.6,3.1666666666666665,5.0,11.0,0.0,0,1,0,1,Communication,132.0,1.0
233,13,7,0,3.533333333333333,3.0,1.0,0.0,0.0,0,0,0,0,School,0.0,0.0
234,15,7,0,2.2666666666666666,3.0,3.0833333333333335,0.0,0.0,0,0,0,0,Communication,0.0,0.0
235,13,7,1,4.0,2.25,1.5,0.0,0.0,0,0,0,0,School,0.0,0.0
236,12,7,1,1.9333333333333333,2.9166666666666665,1.0,0.0,0.0,0,0,1,0,Communication,0.0,0.0
237,14,7,1,3.2,2.5,5.666666666666667,0.0,0.0,0,0,1,1,Communication,0.0,0.0
238,15,7,1,2.0,2.9166666666666665,4.083333333333333,0.0,0.0,0,0,0,0,School,0.0,0.0
239,12,7,0,2.533333333333333,3.25,3.75,1.0,0.0,0,0,0,0,Games,12.0,1.0
240,14,7,0,3.6,2.25,4.25,14.0,0.0,0,0,0,0,Games,168.0,1.0
241,11,7,0,2.066666666666667,3.0833333333333335,3.5,0.0,3.0,0,0,0,0,Games,3.0,1.0
242,14,7,0,2.3333333333333335,2.0,1.25,2.0,0.0,0,0,1,0,School,24.0,1.0
243,12,7,1,2.533333333333333,2.4166666666666665,2.75,0.0,0.0,0,0,1,0,"School, Games",0.0,0.0
244,12,7,1,2.933333333333333,2.75,1.9166666666666667,0.0,0.0,0,0,0,0,Games,0.0,0.0
245,11,7,0,4.0,2.25,3.3333333333333335,0.0,0.0,0,0,0,0,Communication,0.0,0.0
246,11,7,1,3.8,3.1666666666666665,4.666666666666667,5.0,0.0,0,0,0,0,"School, Communication, Games, Social media, Music, Other",60.0,1.0
247,12,7,1,3.2,3.75,1.0,0.0,0.0,0,1,0,0,Games,0.0,0.0
248,11,7,1,2.2666666666666666,3.0,1.9166666666666667,0.0,0.0,0,0,0,0,Games,0.0,0.0
249,15,7,1,3.066666666666667,2.3333333333333335,2.6666666666666665,0.0,0.0,0,0,0,0,Social media,0.0,0.0
250,15,7,1,2.4,2.8333333333333335,4.0,0.0,4.0,0,0,0,1,Social media,4.0,1.0
251,13,7,0,2.3333333333333335,2.5833333333333335,3.75,13.0,0.0,0,0,0,0,Games,156.0,1.0
252,12,7,0,2.466666666666667,2.5833333333333335,3.9166666666666665,12.0,0.0,0,0,1,0,School,144.0,1.0
253,14,7,0,3.8,2.0833333333333335,2.0833333333333335,0.0,0.0,0,0,1,0,School,0.0,0.0
254,15,7,0,2.6666666666666665,2.8333333333333335,1.5,0.0,0.0,0,0,0,0,Communication,0.0,0.0
255,11,7,0,2.3333333333333335,3.0833333333333335,1.0,0.0,0.0,0,0,0,0,School,0.0,0.0
256,11,7,0,2.8666666666666667,2.5,4.083333333333333,3.0,0.0,0,0,1,0,Games,36.0,1.0
257,13,7,0,1.9333333333333333,2.5,2.5833333333333335,4.0,4.0,0,0,0,0,School,52.0,1.0
258,15,7,0,1.9333333333333333,2.5833333333333335,4.583333333333333,0.0,0.0,0,0,0,0,Other,0.0,0.0
259,13,7,0,2.3333333333333335,3.0,1.0,0.0,0.0,0,0,0,0,School,0.0,0.0
260,15,7,1,2.8666666666666667,2.0,3.5,1.0,0.0,0,0,1,1,School,12.0,1.0
261,13,7,1,2.6,2.3333333333333335,5.083333333333333,0.0,0.0,0,0,0,0,School,0.0,0.0
262,12,7,0,2.3333333333333335,3.0833333333333335,1.0,0.0,0.0,0,1,0,1,Other,0.0,0.0
263,12,7,0,2.1333333333333333,2.5,3.5,0.0,1.0,0,0,0,0,School,1.0,1.0
264,12,7,0,2.466666666666667,3.3333333333333335,3.8333333333333335,0.0,0.0,0,0,0,0,School,0.0,0.0
265,14,8,0,2.533333333333333,3.0,4.25,2.0,0.0,0,0,0,0,Games,24.0,1.0
266,13,8,1,1.7333333333333334,2.25,1.0,0.0,0.0,0,0,1,0,School,0.0,0.0
267,15,8,0,2.533333333333333,2.4166666666666665,7.0,0.0,1.0,0,0,1,0,School,1.0,1.0
268,13,8,1,2.6,3.0,1.0,0.0,0.0,0,0,0,0,School,0.0,0.0
269,13,8,1,2.7333333333333334,2.0833333333333335,4.083333333333333,1.0,1.0,0,0,1,0,Music,13.0,1.0
270,14,8,1,1.6666666666666667,2.5,2.6666666666666665,1.0,0.0,0,0,0,0,Games,12.0,1.0
271,12,8,0,2.6666666666666665,3.0833333333333335,1.5833333333333333,6.0,0.0,0,0,0,0,Games,72.0,1.0
272,13,8,1,2.7333333333333334,2.75,2.0,3.0,5.0,0,0,0,0,Games,41.0,1.0
273,14,8,1,2.8,2.9166666666666665,3.5833333333333335,0.0,0.0,0,0,1,0,School,0.0,0.0
274,16,8,1,2.0,2.75,5.083333333333333,3.0,0.0,0,1,1,0,"School, Social Media",36.0,1.0
275,12,8,1,3.6666666666666665,2.5833333333333335,2.5833333333333335,0.0,0.0,0,0,0,0,"School, Communication",0.0,0.0
276,11,8,1,1.6666666666666667,2.9166666666666665,1.0,0.0,0.0,0,0,0,0,School,0.0,0.0
277,13,8,0,2.6,2.0,1.0,0.0,0.0,0,1,1,1,Other,0.0,0.0
278,15,8,1,2.4,3.0,1.0,0.0,0.0,0,0,0,1,Games,0.0,0.0
279,15,8,1,2.6,2.8333333333333335,1.0,0.0,0.0,0,0,1,0,School,0.0,0.0
280,17,8,1,3.3333333333333335,3.0833333333333335,4.166666666666667,3.0,0.0,0,1,1,0,School,36.0,1.0
281,15,8,1,3.466666666666667,2.25,2.4166666666666665,1.0,0.0,0,0,0,0,School,12.0,1.0
282,12,8,1,2.1333333333333333,2.9166666666666665,1.0,0.0,0.0,0,1,0,0,School,0.0,0.0
283,16,8,1,2.2666666666666666,2.25,3.4166666666666665,4.0,0.0,0,0,0,0,School,48.0,1.0
284,13,8,1,3.6,2.5833333333333335,1.25,0.0,0.0,0,0,0,0,School,0.0,0.0
285,13,8,1,1.8666666666666667,3.1666666666666665,2.5833333333333335,0.0,0.0,0,0,0,0,School,0.0,0.0
286,14,8,1,2.1333333333333333,2.75,3.6666666666666665,0.0,5.0,0,0,0,0,Music,5.0,1.0
287,15,8,1,2.466666666666667,3.25,2.75,0.0,1.0,0,0,1,0,Social Media,1.0,1.0
288,15,8,1,3.933333333333333,2.5,4.25,2.0,0.0,0,1,0,0,Games,24.0,1.0
289,14,8,0,2.533333333333333,2.5833333333333335,4.416666666666667,0.0,0.0,0,0,1,0,"Games, Music",0.0,0.0
290,15,8,1,2.6,2.25,3.6666666666666665,0.0,0.0,0,0,1,0,Music,0.0,0.0
291,15,8,0,2.933333333333333,3.0,1.0,0.0,0.0,0,1,0,1,Other,0.0,0.0
292,13,8,0,2.2,2.8333333333333335,5.416666666666667,0.0,0.0,0,0,0,0,"School, Communication",0.0,0.0
293,15,8,0,2.1333333333333333,2.75,3.5,11.0,0.0,0,0,1,0,Communication,132.0,1.0
294,13,8,0,2.066666666666667,3.1666666666666665,1.0,0.0,0.0,0,1,0,1,Music,0.0,0.0
295,15,8,0,2.0,2.8333333333333335,3.9166666666666665,0.0,2.0,0,0,0,0,Communication,2.0,1.0
296,15,8,0,2.466666666666667,2.6666666666666665,1.0,0.0,0.0,0,1,0,1,"School, Other",0.0,0.0
297,14,8,0,2.6,3.0,3.3333333333333335,5.0,0.0,0,1,0,0,School,60.0,1.0
298,14,8,1,2.8,3.1666666666666665,6.0,1.0,9.0,1,1,0,1,Social Media,21.0,1.0
299,14,8,1,2.7333333333333334,2.0833333333333335,4.416666666666667,1.0,12.0,0,0,1,0,Communication,24.0,1.0
300,15,8,0,2.4,2.75,4.416666666666667,2.0,6.0,0,0,0,0,Other,30.0,1.0
301,16,8,0,2.2,2.5833333333333335,3.8333333333333335,3.0,7.0,0,0,0,0,Other,43.0,1.0
302,13,8,1,1.9333333333333333,3.1666666666666665,1.0,0.0,0.0,0,1,1,1,Other,0.0,0.0
303,13,8,1,2.466666666666667,2.8333333333333335,1.0,0.0,0.0,0,1,0,1,Other,0.0,0.0
304,16,8,1,1.3333333333333333,1.9166666666666667,1.75,1.0,0.0,0,0,1,0,Music,12.0,1.0
305,14,8,1,2.4,3.0,3.8333333333333335,0.0,0.0,0,0,1,1,Music,0.0,0.0
306,13,8,1,2.533333333333333,2.1666666666666665,4.166666666666667,11.0,0.0,0,0,0,0,Communication,132.0,1.0
307,13,8,0,1.5333333333333334,2.8333333333333335,3.0833333333333335,0.0,6.0,0,0,1,0,Games,6.0,1.0
308,13,8,0,2.533333333333333,2.4166666666666665,4.083333333333333,1.0,0.0,0,0,0,0,School,12.0,1.0
309,13,8,0,2.1333333333333333,2.9166666666666665,3.0833333333333335,2.0,4.0,0,0,0,0,Communication,28.0,1.0
310,15,8,0,2.7333333333333334,3.1666666666666665,1.0,0.0,0.0,0,1,0,1,School,0.0,0.0
311,15,8,0,2.4,2.8333333333333335,3.25,0.0,0.0,0,0,1,0,Games,0.0,0.0
312,15,8,0,2.066666666666667,3.1666666666666665,2.6666666666666665,3.0,1.0,0,0,0,0,Social Media,37.0,1.0
313,16,8,1,2.6,2.0833333333333335,4.916666666666667,0.0,0.0,0,1,0,1,School,0.0,0.0
314,14,8,0,2.8666666666666667,2.8333333333333335,1.0,0.0,0.0,0,1,1,1,School,0.0,0.0
315,16,8,1,3.1333333333333333,2.75,3.5,0.0,0.0,0,0,0,0,Games,0.0,0.0
316,14,8,0,2.8,3.25,1.25,0.0,0.0,0,0,1,0,Communication,0.0,0.0
317,13,8,1,1.8,3.1666666666666665,1.6666666666666667,0.0,0.0,0,0,1,0,School,0.0,0.0
318,12,8,1,2.6,3.3333333333333335,3.25,0.0,0.0,0,0,0,0,Communication,0.0,0.0
319,14,8,1,2.6666666666666665,3.0,1.0,0.0,0.0,0,1,0,1,School,0.0,0.0
320,15,8,1,2.4,2.8333333333333335,1.0,1.0,0.0,0,1,0,1,School,12.0,1.0
321,15,8,0,2.7333333333333334,2.75,3.9166666666666665,7.0,0.0,0,1,1,1,Social Media,84.0,1.0
322,11,8,1,2.7333333333333334,2.8333333333333335,3.0833333333333335,0.0,1.0,0,0,0,0,Games,1.0,1.0
323,15,8,1,2.4,2.5,3.1666666666666665,0.0,0.0,0,0,0,0,School,0.0,0.0
324,15,8,0,3.6,2.0,1.5,0.0,1.0,0,0,0,0,Games,1.0,1.0
325,13,8,0,3.3333333333333335,2.6666666666666665,1.9166666666666667,0.0,1.0,0,0,0,0,School,1.0,1.0
326,10,8,0,2.4,2.6666666666666665,5.083333333333333,0.0,0.0,0,0,1,1,Communication,0.0,0.0
327,13,8,0,2.6,3.3333333333333335,4.25,11.0,10.0,0,0,0,0,Games,142.0,1.0
328,12,8,1,2.066666666666667,1.6666666666666667,2.0833333333333335,0.0,0.0,0,0,1,1,Other,0.0,0.0
329,12,8,1,2.8666666666666667,2.3333333333333335,4.75,2.0,0.0,0,0,0,1,Music,24.0,1.0
330,16,8,0,3.1333333333333333,1.9166666666666667,3.75,15.0,0.0,1,1,0,0,"Communication, Games",180.0,1.0
331,15,8,0,2.066666666666667,3.0833333333333335,4.583333333333333,2.0,4.0,0,0,0,0,Social Media,28.0,1.0
332,14,8,1,2.3333333333333335,3.1666666666666665,1.0,0.0,0.0,0,0,1,0,School,0.0,0.0
333,11,8,0,2.4,2.5833333333333335,4.583333333333333,0.0,0.0,0,1,0,1,Games,0.0,0.0
334,13,8,1,2.7333333333333334,2.9166666666666665,1.75,0.0,0.0,0,0,0,1,Games,0.0,0.0
335,13,8,1,2.8666666666666667,3.0833333333333335,1.0,0.0,0.0,0,1,0,1,School,0.0,0.0
336,12,8,1,3.2,3.25,2.8333333333333335,0.0,2.0,0,1,0,0,Games,2.0,1.0
337,16,8,0,2.6,2.4166666666666665,2.8333333333333335,1.0,2.0,0,1,0,0,Games,14.0,1.0
338,14,8,1,2.3333333333333335,3.0,4.0,0.0,0.0,0,0,0,0,Games,0.0,0.0
339,13,8,1,2.1333333333333333,3.0833333333333335,2.0833333333333335,0.0,1.0,0,0,1,0,Games,1.0,1.0
340,13,8,1,2.066666666666667,2.9166666666666665,1.0,0.0,0.0,0,1,0,1,Social Media,0.0,0.0
341,14,8,0,2.3333333333333335,2.9166666666666665,4.583333333333333,0.0,0.0,0,0,0,0,School,0.0,0.0
342,15,8,1,2.1333333333333333,2.5,2.25,0.0,1.0,0,0,0,1,Games,1.0,1.0
343,13,8,1,1.8,3.0,1.0,0.0,0.0,0,1,1,1,Music,0.0,0.0
344,13,8,1,2.4,2.5,5.083333333333333,0.0,0.0,0,1,0,0,School,0.0,0.0
345,14,8,1,2.2666666666666666,2.8333333333333335,1.0,0.0,0.0,0,0,0,1,Music,0.0,0.0
346,12,8,1,2.3333333333333335,3.3333333333333335,3.6666666666666665,3.0,0.0,0,0,0,0,Other,36.0,1.0
347,11,8,1,2.4,2.75,2.8333333333333335,0.0,1.0,0,0,0,0,Communication,1.0,1.0
348,15,8,0,2.466666666666667,2.6666666666666665,3.9166666666666665,0.0,0.0,0,0,1,0,"School, Communication, Games, Social Media, Music, Other",0.0,0.0
349,14,8,0,2.1333333333333333,2.9166666666666665,5.0,1.0,0.0,0,0,0,0,School,12.0,1.0
350,13,8,1,1.8666666666666667,3.1666666666666665,5.583333333333333,1.0,6.0,0,0,1,0,Communication,18.0,1.0
351,19,8,1,4.0,2.25,2.5,0.0,1.0,0,1,0,0,Music,1.0,1.0
352,15,8,1,3.0,3.25,1.0,0.0,0.0,0,1,0,1,School,0.0,0.0
353,14,8,1,2.2666666666666666,2.6666666666666665,5.666666666666667,0.0,0.0,0,0,0,0,Games,0.0,0.0
354,14,8,1,2.8,2.3333333333333335,1.0,0.0,0.0,0,1,1,0,"Communication, Social Media, Other",0.0,0.0
355,16,8,1,2.2,3.4166666666666665,4.0,8.0,0.0,0,0,1,0,"School, Games, Music",96.0,1.0
356,13,8,1,2.8,2.75,3.1666666666666665,1.0,0.0,0,0,0,1,School,12.0,1.0
357,15,8,0,2.533333333333333,2.3333333333333335,3.3333333333333335,10.0,4.0,0,0,0,0,Games,124.0,1.0
358,12,8,1,2.0,3.0,2.1666666666666665,0.0,2.0,0,0,0,1,Communication,2.0,1.0
359,13,8,0,1.7333333333333334,1.6666666666666667,3.25,0.0,0.0,0,0,0,0,Games,0.0,0.0
360,14,8,1,2.3333333333333335,2.4166666666666665,1.6666666666666667,1.0,0.0,0,1,0,0,Communication,12.0,1.0
361,16,8,1,3.066666666666667,2.5,2.1666666666666665,0.0,0.0,0,1,1,1,Games,0.0,0.0
362,18,8,1,2.6,2.5,3.1666666666666665,0.0,3.0,0,0,1,0,Games,3.0,1.0
363,15,8,0,2.0,2.5833333333333335,3.5,3.0,10.0,0,0,0,0,Social Media,46.0,1.0
364,14,8,0,2.6,3.0,4.583333333333333,0.0,0.0,0,0,0,0,Social Media,0.0,0.0
365,13,8,0,2.533333333333333,2.4166666666666665,2.5833333333333335,0.0,1.0,0,0,0,0,Music,1.0,1.0
366,14,8,1,2.6666666666666665,2.1666666666666665,4.166666666666667,1.0,6.0,0,0,0,0,Music,18.0,1.0
367,15,8,1,3.0,2.0833333333333335,3.75,1.0,6.0,0,0,0,0,Music,18.0,1.0
368,14,8,0,1.9333333333333333,2.9166666666666665,1.0,0.0,0.0,0,1,1,1,School,0.0,0.0
369,20,8,0,2.3333333333333335,2.1666666666666665,4.416666666666667,3.0,3.0,0,0,1,0,Games,39.0,1.0
370,13,8,0,2.066666666666667,2.9166666666666665,4.833333333333333,0.0,0.0,0,0,0,0,Games,0.0,0.0
371,14,8,0,3.066666666666667,2.25,3.3333333333333335,0.0,0.0,0,1,1,1,"School, Communication, Social Media, Music",0.0,0.0
372,12,8,0,2.066666666666667,3.5833333333333335,2.75,2.0,0.0,1,0,0,0,Music,24.0,1.0
373,14,8,1,2.1333333333333333,3.0833333333333335,3.25,2.0,1.0,0,0,1,0,Music,25.0,1.0
374,17,8,1,2.533333333333333,2.8333333333333335,3.25,3.0,0.0,0,0,0,0,Music,36.0,1.0
375,13,8,0,2.3333333333333335,2.0833333333333335,3.8333333333333335,0.0,0.0,0,0,1,1,Social Media,0.0,0.0
376,14,8,1,2.533333333333333,2.4166666666666665,3.5833333333333335,0.0,0.0,0,0,0,0,Games,0.0,0.0
377,13,8,1,2.3333333333333335,3.0833333333333335,1.0,0.0,0.0,0,1,0,1,Other,0.0,0.0
378,15,8,1,1.4,2.4166666666666665,1.0,0.0,0.0,0,0,1,1,School,0.0,0.0
379,14,8,1,2.066666666666667,2.6666666666666665,1.0,0.0,0.0,0,1,1,0,Other,0.0,0.0
380,13,8,0,3.0,2.6666666666666665,5.916666666666667,0.0,0.0,0,0,1,1,Communication,0.0,0.0
381,13,8,1,2.6,2.5,4.75,0.0,1.0,0,0,0,0,Social Media,1.0,1.0
382,14,8,1,2.6,3.1666666666666665,3.8333333333333335,0.0,0.0,0,0,1,0,Music,0.0,0.0
383,15,8,0,3.0,2.5833333333333335,5.416666666666667,0.0,0.0,0,0,1,1,Communication,0.0,0.0
384,15,8,0,2.6666666666666665,2.8333333333333335,3.9166666666666665,14.0,7.0,0,0,0,0,Social Media,175.0,1.0
385,16,8,1,1.8,2.6666666666666665,5.333333333333333,13.0,1.0,0,0,0,0,Music,157.0,1.0
386,16,8,0,3.0,2.9166666666666665,1.6666666666666667,0.0,0.0,0,0,0,1,Communication,0.0,0.0
387,17,8,0,1.4,2.5833333333333335,5.5,5.0,0.0,0,0,0,0,School,60.0,1.0
388,14,8,1,2.4,3.5,1.4166666666666667,0.0,2.0,0,0,0,0,Music,2.0,1.0
389,15,8,0,2.7333333333333334,2.5833333333333335,5.916666666666667,0.0,0.0,0,0,0,1,Communication,0.0,0.0
390,14,8,0,2.466666666666667,2.4166666666666665,1.3333333333333333,2.0,6.0,0,0,0,0,Communication,30.0,1.0
391,13,8,0,2.066666666666667,1.75,1.0,0.0,0.0,0,1,0,1,Other,0.0,0.0
392,12,8,0,2.2666666666666666,3.4166666666666665,1.0,0.0,0.0,0,1,0,1,Other,0.0,0.0
393,14,8,1,2.466666666666667,2.5833333333333335,3.0833333333333335,4.0,0.0,0,0,0,0,School,48.0,1.0
394,12,8,0,2.8666666666666667,2.3333333333333335,1.5,0.0,2.0,0,0,0,0,Music,2.0,1.0
395,13,8,1,2.3333333333333335,2.5,4.75,0.0,0.0,0,1,0,1,School,0.0,0.0
396,14,8,1,4.0,2.3333333333333335,1.5833333333333333,0.0,0.0,0,0,0,0,Music,0.0,0.0
397,16,8,1,3.6,2.5,1.0,0.0,0.0,0,1,0,0,Music,0.0,0.0
398,14,8,1,2.933333333333333,2.0,3.0833333333333335,0.0,0.0,0,0,1,0,Music,0.0,0.0
399,15,8,1,2.1333333333333333,3.0,7.0,7.0,11.0,0,1,1,0,Music,95.0,1.0
400,12,8,1,3.066666666666667,3.5833333333333335,1.0,0.0,0.0,0,0,0,0,School,0.0,0.0
401,14,8,1,2.933333333333333,1.8333333333333333,1.0,0.0,0.0,0,0,0,0,Games,0.0,0.0
402,15,8,1,2.6666666666666665,2.1666666666666665,2.5,0.0,3.0,0,0,1,1,Music,3.0,1.0
403,15,8,1,2.066666666666667,3.25,2.0,0.0,0.0,0,0,0,0,Music,0.0,0.0
404,12,8,0,2.3333333333333335,3.6666666666666665,3.0,0.0,7.0,0,0,0,0,Games,7.0,1.0
405,12,8,1,2.2,2.0,1.0,0.0,0.0,0,1,1,0,Other,0.0,0.0
406,15,8,1,2.066666666666667,2.9166666666666665,4.0,0.0,2.0,0,0,0,0,Music,2.0,1.0
407,15,8,1,3.066666666666667,2.8333333333333335,4.5,0.0,0.0,1,1,0,0,Social Media,0.0,0.0
408,13,8,1,2.066666666666667,3.0833333333333335,2.0833333333333335,0.0,6.0,0,0,0,0,Social Media,6.0,1.0
409,15,8,1,3.4,2.25,1.0,0.0,0.0,0,1,0,1,School,0.0,0.0
410,13,8,1,2.0,3.0833333333333335,3.0833333333333335,1.0,3.0,0,0,1,0,School,15.0,1.0
411,12,8,0,1.6666666666666667,3.1666666666666665,3.0,1.0,0.0,0,0,0,0,Games,12.0,1.0
412,14,8,1,2.3333333333333335,2.4166666666666665,4.0,3.0,6.0,0,0,1,0,Communication,42.0,1.0
413,14,8,0,2.0,3.25,1.0,0.0,0.0,0,1,0,1,School,0.0,0.0
414,13,8,0,1.6,2.6666666666666665,1.0833333333333333,0.0,0.0,0,0,0,0,Communication,0.0,0.0
415,13,8,1,2.8,3.25,1.5,0.0,0.0,0,0,0,0,School,0.0,0.0
416,13,8,1,1.9333333333333333,2.75,2.75,0.0,4.0,0,0,0,0,Games,4.0,1.0
417,13,0,1,2.4,2.6666666666666665,3.25,0.0,0.0,0,0,0,0,Music,0.0,0.0
418,13,8,1,1.7333333333333334,3.1666666666666665,2.5833333333333335,0.0,5.0,0,0,0,0,Games,5.0,1.0
419,12,8,0,2.7333333333333334,2.25,3.5833333333333335,0.0,0.0,0,0,0,0,Games,0.0,0.0
420,13,8,0,2.6,3.0,1.0,0.0,0.0,0,0,0,1,Communication,0.0,0.0
421,13,8,1,2.7333333333333334,3.1666666666666665,1.0,0.0,0.0,0,1,0,1,School,0.0,0.0
422,15,8,0,2.066666666666667,2.5833333333333335,4.5,0.0,8.0,0,0,1,0,Games,8.0,1.0
423,15,8,1,2.2666666666666666,2.9166666666666665,3.9166666666666665,0.0,3.0,0,0,0,1,Music,3.0,1.0
424,13,8,1,2.066666666666667,3.0833333333333335,1.0,0.0,0.0,0,1,0,1,School,0.0,0.0
425,16,9,1,2.3333333333333335,2.6666666666666665,1.0,0.0,0.0,0,0,0,0,Other,0.0,0.0
426,15,9,1,2.1333333333333333,2.3333333333333335,1.3333333333333333,3.0,7.0,0,0,0,0,School,43.0,1.0
427,15,9,1,3.933333333333333,3.0833333333333335,1.0833333333333333,0.0,0.0,0,0,0,0,School,0.0,0.0
428,15,9,0,3.1333333333333333,2.4166666666666665,2.3333333333333335,5.0,0.0,0,0,1,0,Music,60.0,1.0
429,16,9,1,2.0,2.6666666666666665,1.0,0.0,0.0,0,0,1,0,Music,0.0,0.0
430,13,9,1,2.4,2.5,4.5,1.0,0.0,0,0,1,0,Communication,12.0,1.0
431,15,9,0,2.6,3.0,4.25,15.0,0.0,0,0,0,0,School,180.0,1.0
432,14,9,1,2.2666666666666666,4.0,4.333333333333333,4.0,0.0,0,1,0,1,Social Media,48.0,1.0
433,15,9,1,1.9333333333333333,2.6666666666666665,4.916666666666667,1.0,0.0,0,0,0,1,communication,12.0,1.0
434,15,9,1,3.0,2.5833333333333335,4.083333333333333,1.0,6.0,0,0,0,0,communication,18.0,1.0
435,15,9,1,2.8666666666666667,3.0,3.9166666666666665,0.0,0.0,0,0,0,0,music,0.0,0.0
436,14,9,1,2.066666666666667,2.9166666666666665,3.25,0.0,10.0,0,0,1,0,music,10.0,1.0
437,17,9,1,1.3333333333333333,2.5,3.4166666666666665,0.0,0.0,0,0,0,0,communication,0.0,0.0
438,16,9,1,2.933333333333333,2.6666666666666665,1.9166666666666667,0.0,0.0,0,0,1,0,games,0.0,0.0
439,15,9,1,2.6666666666666665,2.75,4.583333333333333,12.0,0.0,0,1,0,1,school,144.0,1.0
440,15,9,0,2.6666666666666665,2.9166666666666665,5.083333333333333,0.0,0.0,0,0,1,0,communication,0.0,0.0
441,12,9,1,2.6666666666666665,3.5833333333333335,2.6666666666666665,0.0,3.0,0,0,0,0,school,3.0,1.0
442,15,9,1,2.466666666666667,2.5,3.0,0.0,3.0,0,0,0,0,communication,3.0,1.0
443,16,9,1,1.8,2.6666666666666665,2.6666666666666665,0.0,0.0,0,0,1,0,school,0.0,0.0
444,15,9,1,1.2,3.0,1.5,0.0,0.0,0,0,0,1,communication,0.0,0.0
445,14,9,1,1.9333333333333333,2.8333333333333335,4.75,0.0,4.0,0,1,0,0,school,4.0,1.0
446,15,9,1,1.8,2.8333333333333335,4.833333333333333,2.0,0.0,0,0,0,0,"school,social media",24.0,1.0
447,15,9,1,1.9333333333333333,3.75,4.25,0.0,0.0,0,0,1,0,music,0.0,0.0
448,14,9,1,2.8,3.25,3.3333333333333335,0.0,0.0,0,1,0,1,Social Media,0.0,0.0
449,15,9,0,2.4,3.4166666666666665,3.6666666666666665,1.0,3.0,0,0,1,0,communication,15.0,1.0
450,13,9,0,1.8666666666666667,3.3333333333333335,4.666666666666667,3.0,0.0,0,0,0,0,Social Media,36.0,1.0
451,16,9,0,2.3333333333333335,2.8333333333333335,4.75,10.0,7.0,0,0,0,0,communication,127.0,1.0
452,16,9,0,3.8,2.25,3.4166666666666665,10.0,5.0,0,0,0,0,communication,125.0,1.0
453,16,9,1,1.8,2.3333333333333335,4.416666666666667,0.0,0.0,0,1,1,0,school,0.0,0.0
454,15,9,0,2.4,2.75,3.1666666666666665,4.0,0.0,0,1,0,0,Social Media,48.0,1.0
455,15,9,1,2.2,3.3333333333333335,2.1666666666666665,0.0,1.0,0,0,0,0,games,1.0,1.0
456,13,9,0,2.2,3.25,1.0,0.0,0.0,0,1,0,1,School,0.0,0.0
457,13,9,0,2.2,3.0,3.4166666666666665,5.0,0.0,0,0,1,0,games,60.0,1.0
458,15,9,1,1.8,2.8333333333333335,1.0,0.0,0.0,0,1,1,0,School,0.0,0.0
459,15,9,1,1.4,2.5,1.0,0.0,0.0,0,1,0,1,School,0.0,0.0
460,16,9,1,2.2666666666666666,2.75,2.3333333333333335,5.0,10.0,0,0,0,0,music,70.0,1.0
461,15,9,1,2.466666666666667,3.25,3.6666666666666665,0.0,0.0,0,0,0,0,school,0.0,0.0
463,16,9,1,2.2666666666666666,2.6666666666666665,3.6666666666666665,0.0,5.0,0,0,1,0,music,5.0,1.0
464,15,9,1,2.466666666666667,3.25,2.6666666666666665,5.0,6.0,0,0,0,1,music,66.0,1.0
465,16,9,0,2.1333333333333333,3.1666666666666665,3.4166666666666665,0.0,0.0,0,1,0,0,music,0.0,0.0
466,16,9,0,1.6,3.1666666666666665,4.5,3.0,0.0,0,0,0,0,school,36.0,1.0
467,16,9,0,2.466666666666667,2.1666666666666665,3.0,0.0,0.0,0,0,1,1,communication,0.0,0.0
468,14,9,1,2.3333333333333335,2.75,1.0,0.0,2.0,0,0,0,0,School,2.0,1.0
469,16,9,1,1.6,3.0,2.25,0.0,5.0,0,0,0,0,School,5.0,1.0
470,14,9,1,2.3333333333333335,3.5,2.1666666666666665,1.0,4.0,0,1,0,0,Games,16.0,1.0
471,16,9,1,3.2666666666666666,2.75,2.5833333333333335,0.0,2.0,0,0,0,0,Games,2.0,1.0
472,16,9,1,2.4,3.0833333333333335,3.4166666666666665,4.0,0.0,0,0,1,0,music,48.0,1.0
473,15,9,0,2.7333333333333334,3.0,1.0,0.0,0.0,0,0,0,0,School,0.0,0.0
474,15,9,1,3.1333333333333333,2.5833333333333335,1.0,0.0,0.0,0,0,0,1,Games,0.0,0.0
475,16,9,1,1.2666666666666666,3.0,5.416666666666667,14.0,0.0,0,0,0,0,Social media,168.0,1.0
476,14,9,1,2.533333333333333,2.8333333333333335,5.75,0.0,3.0,0,0,0,0,Games,3.0,1.0
477,15,9,1,2.6,2.8333333333333335,2.75,0.0,1.0,0,0,0,0,Music,1.0,1.0
478,17,9,0,2.4,2.5833333333333335,2.5833333333333335,15.0,0.0,0,0,1,0,Communication,180.0,1.0
479,15,9,0,1.7333333333333334,3.0,1.1666666666666667,0.0,0.0,0,1,1,1,Other,0.0,0.0
480,15,9,0,1.9333333333333333,3.1666666666666665,4.166666666666667,13.0,0.0,0,0,1,0,"Communication, Games, Social media, Music, Other",156.0,1.0
481,15,9,1,2.6666666666666665,2.5,2.9166666666666665,1.0,0.0,0,0,1,1,Other,12.0,1.0
482,15,9,0,3.066666666666667,2.0,4.916666666666667,10.0,0.0,0,0,0,0,School,120.0,1.0
483,15,9,0,2.533333333333333,2.75,4.583333333333333,10.0,0.0,0,1,0,0,communication,120.0,1.0
484,14,9,0,2.6,2.75,5.916666666666667,8.0,9.0,0,0,0,0,School,105.0,1.0
485,14,9,1,2.4,2.9166666666666665,3.3333333333333335,0.0,4.0,0,0,0,1,"Communication, Games, Music",4.0,1.0
486,14,9,0,1.6666666666666667,2.4166666666666665,2.9166666666666665,0.0,0.0,0,0,1,0,Games,0.0,0.0
487,16,9,1,3.066666666666667,2.4166666666666665,1.0,0.0,0.0,0,0,0,0,"Communication, Games",0.0,0.0
488,16,9,1,2.2,2.5,4.666666666666667,0.0,6.0,0,0,1,0,School,6.0,1.0
489,15,9,1,2.533333333333333,2.5833333333333335,2.8333333333333335,1.0,2.0,0,0,1,0,School,14.0,1.0
490,14,9,1,1.7333333333333334,2.5833333333333335,2.25,0.0,0.0,0,0,0,0,"Communication, Games",0.0,0.0
491,16,9,1,1.6666666666666667,2.0833333333333335,2.0,0.0,0.0,0,0,1,0,Communication,0.0,0.0
492,17,9,1,2.3333333333333335,3.4166666666666665,3.6666666666666665,13.0,6.0,0,0,0,1,School,162.0,1.0
493,16,9,1,1.6666666666666667,3.0,2.9166666666666665,2.0,0.0,0,0,0,0,Music,24.0,1.0
494,14,9,1,1.6,3.1666666666666665,4.166666666666667,1.0,0.0,0,0,0,0,Music,12.0,1.0
495,17,9,1,2.1333333333333333,2.4166666666666665,5.416666666666667,4.0,8.0,0,1,0,0,Social Media,56.0,1.0
496,15,9,1,2.3333333333333335,2.5,3.1666666666666665,13.0,2.0,0,0,0,0,"Communication, Social media, Music, Other",158.0,1.0
497,16,9,0,2.6,2.5833333333333335,3.3333333333333335,13.0,6.0,0,0,0,0,"Communication, Games, Social Media, Music",162.0,1.0
498,15,9,1,3.8666666666666667,2.25,1.0,8.0,2.0,1,1,1,1,Social Media,98.0,1.0
499,19,9,0,3.2,2.6666666666666665,4.583333333333333,12.0,12.0,1,1,1,0,Other,156.0,1.0
500,15,9,0,1.8666666666666667,2.6666666666666665,3.5833333333333335,7.0,12.0,0,0,0,0,"Communication, Games, Social Media, Music",96.0,1.0
501,17,9,1,2.2,3.0,4.333333333333333,6.0,0.0,0,1,0,1,"Communication, Other",72.0,1.0
502,13,9,1,1.7333333333333334,2.5,5.166666666666667,14.0,3.0,0,1,0,1,"School, Social media",171.0,1.0
503,15,9,1,1.7333333333333334,2.8333333333333335,1.0,2.0,6.0,0,0,0,0,Social Media,30.0,1.0
504,18,9,1,1.6666666666666667,2.8333333333333335,3.25,5.0,0.0,0,0,0,0,Other,60.0,1.0
505,15,9,0,2.0,3.4166666666666665,3.0833333333333335,13.0,0.0,0,0,1,0,Communication,156.0,1.0
506,14,9,0,2.6,3.0833333333333335,3.5,2.0,6.0,0,0,0,0,Games,30.0,1.0
507,14,9,0,1.6,2.5833333333333335,4.333333333333333,2.0,0.0,0,0,0,0,"School, communication, Games, Social media, Music",24.0,1.0
508,18,9,0,2.066666666666667,2.3333333333333335,2.1666666666666665,0.0,0.0,0,0,1,1,Other,0.0,0.0
509,14,9,0,1.4666666666666666,3.0,1.0,0.0,0.0,0,0,0,0,School,0.0,0.0
510,16,9,0,2.2,2.6666666666666665,3.4166666666666665,0.0,0.0,0,0,0,0,Music,0.0,0.0
511,17,9,0,2.533333333333333,2.5,3.25,17.0,0.0,0,1,1,0,Music,,0.0
512,17,9,1,2.1333333333333333,2.4166666666666665,4.0,2.0,6.0,0,1,0,0,Other,30.0,1.0
513,15,9,0,1.2,2.75,5.25,2.0,0.0,0,0,0,0,music,24.0,1.0
514,16,9,1,1.3333333333333333,2.1666666666666665,2.4166666666666665,1.0,10.0,0,0,0,0,music,22.0,1.0
515,15,9,1,2.1333333333333333,2.8333333333333335,1.5,0.0,0.0,0,0,0,1,games,0.0,0.0
516,15,9,1,3.1333333333333333,2.5,2.6666666666666665,1.0,10.0,0,0,0,0,music,22.0,1.0
517,18,9,0,2.4,2.8333333333333335,4.75,6.0,2.0,0,0,1,0,"school,communication,games,social media,music,other",74.0,1.0
518,18,9,0,1.4,2.25,4.583333333333333,2.0,3.0,0,0,1,0,schol,27.0,1.0
519,15,9,1,1.9333333333333333,2.6666666666666665,4.833333333333333,0.0,7.0,0,1,0,0,school,7.0,1.0
520,16,11,0,1.7333333333333334,2.9166666666666665,3.5,2.0,0.0,0,0,0,0,Social Media,24.0,1.0
521,19,11,1,2.066666666666667,2.6666666666666665,3.4166666666666665,2.0,7.0,0,1,1,0,Communication,31.0,1.0
522,19,11,1,2.6,2.0,2.9166666666666665,2.0,7.0,0,1,0,0,Other,31.0,1.0
523,16,11,1,1.5333333333333334,2.1666666666666665,4.666666666666667,4.0,0.0,0,0,0,0,Communication,48.0,1.0
524,17,11,0,2.6,3.3333333333333335,2.8333333333333335,7.0,0.0,0,1,0,0,Social Media,84.0,1.0
525,15,11,1,2.4,2.5833333333333335,3.3333333333333335,0.0,0.0,0,0,0,0,Communication,0.0,0.0
526,20,11,1,2.6666666666666665,3.1666666666666665,3.75,2.0,0.0,0,0,0,1,"School, Communication, Games, Social Media, Music",24.0,1.0
527,19,11,1,2.8,3.1666666666666665,2.8333333333333335,2.0,0.0,0,0,0,1,"School, Games, Social Media, Music, Other",24.0,1.0
528,18,11,1,2.2666666666666666,2.5833333333333335,3.75,2.0,0.0,0,1,0,0,Communication,24.0,1.0
529,19,11,0,1.3333333333333333,2.5833333333333335,2.6666666666666665,0.0,0.0,0,0,0,1,Music,0.0,0.0
530,17,11,0,1.7333333333333334,2.75,5.75,7.0,3.0,0,0,0,0,Social Media,87.0,1.0
531,18,11,1,2.8666666666666667,3.0,2.1666666666666665,0.0,5.0,0,0,0,0,School,5.0,1.0
532,18,11,1,3.0,2.5833333333333335,2.5,2.0,0.0,0,0,0,0,School,24.0,1.0
533,17,11,0,2.4,3.5,4.25,4.0,0.0,0,1,0,0,Communication,48.0,1.0
534,22,11,0,2.2,2.75,2.25,1.0,0.0,0,0,1,1,Communication,12.0,1.0
535,18,11,1,1.3333333333333333,2.9166666666666665,1.25,0.0,0.0,0,0,0,0,School,0.0,0.0
536,18,11,1,2.533333333333333,2.9166666666666665,3.4166666666666665,0.0,4.0,0,0,0,0,Music,4.0,1.0
537,16,11,0,2.3333333333333335,2.5833333333333335,2.6666666666666665,3.0,2.0,0,0,0,0,School,38.0,1.0
538,16,11,0,2.6666666666666665,3.4166666666666665,4.666666666666667,0.0,2.0,0,0,0,0,Music,2.0,1.0
539,17,11,1,3.1333333333333333,3.25,1.9166666666666667,0.0,6.0,0,0,0,0,School,6.0,1.0
540,16,11,0,2.1333333333333333,2.0833333333333335,3.4166666666666665,0.0,3.0,0,1,0,0,Games,3.0,1.0
541,17,11,0,2.6,3.1666666666666665,1.8333333333333333,2.0,9.0,0,0,1,0,School,33.0,1.0
542,15,11,0,2.2666666666666666,2.4166666666666665,3.75,0.0,3.0,0,0,0,0,Communication,3.0,1.0
543,19,11,1,1.8666666666666667,2.75,5.083333333333333,0.0,0.0,0,0,0,0,Social Media,0.0,0.0
544,18,11,1,2.466666666666667,2.6666666666666665,3.25,1.0,0.0,0,1,1,0,Music,12.0,1.0
545,20,11,0,2.4,2.0,3.5833333333333335,0.0,0.0,0,0,1,0,Communication,0.0,0.0
546,18,11,1,2.2,1.75,2.8333333333333335,1.0,0.0,0,0,0,0,Music,12.0,1.0
547,17,11,1,2.933333333333333,2.5,2.5,0.0,2.0,0,0,0,0,School,2.0,1.0
548,20,11,1,2.2666666666666666,2.9166666666666665,2.25,19.0,0.0,0,0,1,0,Social Media,,0.0
549,18,11,1,1.9333333333333333,2.9166666666666665,2.4166666666666665,1.0,0.0,0,0,1,0,Communication,12.0,1.0
550,15,11,0,2.933333333333333,3.4166666666666665,2.5,0.0,4.0,0,0,0,0,School,4.0,1.0
551,16,11,0,2.466666666666667,2.9166666666666665,5.5,6.0,2.0,0,1,0,0,Music,74.0,1.0
552,18,11,0,3.2666666666666666,2.8333333333333335,3.4166666666666665,2.0,4.0,0,1,0,0,"School, communication, games, social media, music, videos",28.0,1.0
553,17,11,0,2.533333333333333,2.5833333333333335,2.0833333333333335,0.0,4.0,0,0,0,0,"School, communication",4.0,1.0
554,17,11,0,2.2,2.75,3.4166666666666665,0.0,4.0,0,0,0,1,Communication,4.0,1.0
555,19,11,1,2.066666666666667,2.25,4.333333333333333,0.0,4.0,0,0,1,1,Communication,4.0,1.0
556,18,11,0,2.8,2.75,2.75,10.0,0.0,0,1,0,0,Communication,120.0,1.0
557,17,11,1,2.6666666666666665,2.5,3.1666666666666665,5.0,0.0,0,0,1,0,Music,60.0,1.0
558,16,11,0,2.3333333333333335,3.4166666666666665,5.416666666666667,0.0,5.0,0,1,0,0,"School, social media",5.0,1.0
559,18,11,0,2.7333333333333334,3.1666666666666665,2.75,1.0,0.0,0,0,1,0,school,12.0,1.0
560,18,11,0,2.066666666666667,3.1666666666666665,4.166666666666667,0.0,8.0,0,1,0,0,Social Media,8.0,1.0
561,15,11,0,2.6666666666666665,2.4166666666666665,1.8333333333333333,0.0,10.0,0,1,0,0,Communication,10.0,1.0
562,18,11,1,2.7333333333333334,2.6666666666666665,2.25,17.0,7.0,0,0,0,0,Communication,,0.0
563,18,11,0,2.466666666666667,3.0,3.5833333333333335,0.0,0.0,1,0,1,0,Games,0.0,0.0
564,18,11,0,2.533333333333333,2.75,2.3333333333333335,0.0,2.0,0,0,0,0,school,2.0,1.0
565,20,12,1,2.2666666666666666,2.6666666666666665,4.666666666666667,0.0,0.0,0,0,0,0,Music,0.0,0.0
566,18,12,1,2.6,2.9166666666666665,3.8333333333333335,18.0,0.0,0,1,0,0,Music,,0.0
567,18,12,0,2.066666666666667,3.6666666666666665,4.5,2.0,0.0,0,0,0,1,"School, Music",24.0,1.0
568,17,12,1,2.3333333333333335,3.0,4.166666666666667,4.0,0.0,0,1,0,1,Communication,48.0,1.0
569,18,12,1,2.2666666666666666,2.8333333333333335,2.25,2.0,0.0,0,1,1,0,Music,24.0,1.0
570,18,12,0,2.533333333333333,3.4166666666666665,5.083333333333333,3.0,0.0,0,0,0,0,Social Media,36.0,1.0
571,18,12,0,3.0,2.8333333333333335,3.0,4.0,0.0,0,0,0,0,Communication,48.0,1.0
572,17,12,0,2.4,2.6666666666666665,4.0,5.0,0.0,0,0,0,1,Social Media,60.0,1.0
573,20,12,1,2.2666666666666666,2.1666666666666665,2.75,0.0,6.0,0,0,1,0,Games,6.0,1.0
574,19,12,0,2.2,3.5,4.916666666666667,3.0,2.0,0,1,0,1,Other,38.0,1.0
575,18,12,1,2.2666666666666666,2.1666666666666665,3.6666666666666665,4.0,10.0,0,1,0,1,Games,58.0,1.0
576,16,12,0,2.6,3.1666666666666665,4.0,16.0,0.0,0,0,0,0,Music,192.0,1.0
577,17,12,0,2.4,3.0833333333333335,4.333333333333333,5.0,0.0,0,1,0,1,Games,60.0,1.0
578,17,12,0,2.8,3.0,3.5,4.0,0.0,0,0,0,0,Music,48.0,1.0
579,18,12,1,2.6,2.8333333333333335,3.0,1.0,0.0,0,0,0,0,Communication,12.0,1.0
580,19,12,1,2.533333333333333,2.5833333333333335,4.666666666666667,1.0,0.0,0,0,0,1,Communication,12.0,1.0
581,18,12,1,2.8,2.1666666666666665,3.25,2.0,0.0,0,0,1,1,Other,24.0,1.0
582,18,12,0,2.6666666666666665,3.8333333333333335,2.8333333333333335,0.0,4.0,0,0,0,0,School,4.0,1.0
583,15,12,0,1.8666666666666667,2.9166666666666665,3.9166666666666665,6.0,0.0,0,1,0,1,Communication,72.0,1.0
584,15,12,1,2.4,2.5,3.25,0.0,1.0,0,0,0,1,Other,1.0,1.0
585,17,12,1,2.4,2.5833333333333335,3.8333333333333335,1.0,3.0,0,0,0,0,Communication,15.0,1.0
586,17,12,0,2.3333333333333335,3.0833333333333335,5.583333333333333,7.0,0.0,0,1,0,1,Social Media,84.0,1.0
587,18,12,1,2.533333333333333,3.3333333333333335,4.25,4.0,2.0,0,1,0,0,School,50.0,1.0
588,19,12,1,2.066666666666667,2.5833333333333335,3.6666666666666665,2.0,0.0,0,0,0,0,Communication,24.0,1.0
589,18,12,1,2.066666666666667,2.3333333333333335,4.916666666666667,15.0,6.0,0,0,0,0,Social Media,186.0,1.0
590,15,12,1,2.4,2.6666666666666665,1.0,0.0,0.0,0,0,1,0,School,0.0,0.0
591,20,12,1,2.2,2.4166666666666665,3.3333333333333335,15.0,6.0,0,0,1,0,Social Media,186.0,1.0
592,16,12,1,3.2,3.4166666666666665,3.9166666666666665,1.0,0.0,0,0,0,0,Communication,12.0,1.0
593,18,12,1,1.9333333333333333,2.0,4.083333333333333,1.0,0.0,0,0,1,0,Communication,12.0,1.0
594,18,12,0,2.2666666666666666,3.6666666666666665,4.833333333333333,1.0,0.0,0,1,0,1,Social Media,12.0,1.0
595,17,12,1,2.2,3.25,3.9166666666666665,5.0,2.0,0,0,0,0,"school,communication,music,other",62.0,1.0
596,18,12,1,2.3333333333333335,2.6666666666666665,3.8333333333333335,0.0,8.0,0,0,0,0,Communication,8.0,1.0
597,17,12,1,2.066666666666667,2.5833333333333335,4.666666666666667,0.0,4.0,0,0,0,0,school,4.0,1.0
598,18,12,1,2.2666666666666666,2.9166666666666665,2.75,0.0,9.0,0,0,1,0,School,9.0,1.0
599,15,12,1,2.1333333333333333,2.9166666666666665,3.75,3.0,0.0,0,0,0,0,Music,36.0,1.0
600,19,12,1,2.933333333333333,3.0,2.3333333333333335,0.0,6.0,0,0,1,1,Social Media,6.0,1.0
601,18,12,1,2.6,3.0,4.083333333333333,3.0,0.0,0,0,0,0,Communication,36.0,1.0
602,16,12,1,2.3333333333333335,2.75,4.583333333333333,2.0,0.0,0,1,0,1,Music,24.0,1.0
603,19,12,0,1.8,3.4166666666666665,4.916666666666667,4.0,0.0,0,1,1,1,Other,48.0,1.0
604,20,12,1,2.466666666666667,2.0833333333333335,3.5,3.0,0.0,0,0,0,0,School,36.0,1.0
605,19,12,1,2.533333333333333,2.5833333333333335,3.5,7.0,9.0,0,0,1,0,Communication,93.0,1.0
606,17,12,0,2.6666666666666665,3.4166666666666665,4.0,5.0,11.0,0,0,0,0,Communication,71.0,1.0
607,19,12,0,2.2666666666666666,2.9166666666666665,3.9166666666666665,5.0,0.0,0,1,0,0,Music,60.0,1.0
608,16,12,1,2.066666666666667,2.9166666666666665,3.6666666666666665,2.0,0.0,0,0,0,1,Other,24.0,1.0
609,15,12,1,1.8,2.75,2.4166666666666665,0.0,6.0,0,1,0,0,"School, Communication, Music",6.0,1.0
610,15,12,1,2.1333333333333333,2.5833333333333335,4.25,0.0,7.0,0,0,1,0,Communication,7.0,1.0
611,16,12,1,2.6666666666666665,4.0,3.5,4.0,0.0,0,0,0,0,Communication,48.0,1.0
612,19,12,1,1.7333333333333334,1.5833333333333333,2.3333333333333335,1.0,3.0,0,0,0,1,Other,15.0,1.0
613,17,12,1,2.533333333333333,2.8333333333333335,2.3333333333333335,0.0,0.0,0,1,0,0,School,0.0,0.0
614,19,12,1,1.8666666666666667,2.6666666666666665,4.0,2.0,0.0,0,0,1,0,Music,24.0,1.0
615,17,12,1,2.066666666666667,2.5833333333333335,3.6666666666666665,0.0,0.0,0,0,0,1,Music,0.0,0.0
616,18,12,1,2.8,2.9166666666666665,3.6666666666666665,0.0,10.0,0,0,1,0,Communication,10.0,1.0
617,18,12,0,1.8666666666666667,2.5833333333333335,4.0,17.0,8.0,1,0,1,0,"Other, Gambling",,0.0
618,20,12,1,2.4,3.0,2.4166666666666665,0.0,0.0,0,0,0,1,Music,0.0,0.0
619,19,12,1,2.2,2.5,3.0,3.0,0.0,0,0,0,1,School,36.0,1.0
620,19,12,1,1.8666666666666667,3.25,4.083333333333333,2.0,0.0,0,0,0,0,School,24.0,1.0
621,18,12,1,2.6,3.3333333333333335,2.5833333333333335,0.0,0.0,0,0,0,0,"Communication, Music",0.0,0.0
622,20,12,1,1.5333333333333334,2.9166666666666665,3.6666666666666665,0.0,1.0,0,0,0,0,Music,1.0,1.0
623,20,12,1,3.066666666666667,2.8333333333333335,2.9166666666666665,2.0,0.0,0,1,0,0,School,24.0,1.0
624,18,13,1,2.933333333333333,2.5833333333333335,6.333333333333333,16.0,0.0,0,1,0,1,Communication,192.0,1.0
625,21,13,0,2.4,2.25,4.666666666666667,9.0,0.0,1,0,0,1,Other,108.0,1.0
626,20,13,0,1.9333333333333333,2.5833333333333335,5.083333333333333,4.0,2.0,0,1,0,1,School,50.0,1.0
627,19,13,0,2.533333333333333,2.5833333333333335,4.333333333333333,3.0,0.0,0,0,0,1,Communication,36.0,1.0
628,17,13,1,2.066666666666667,3.0833333333333335,4.75,6.0,0.0,0,0,0,0,Music,72.0,1.0
629,18,13,1,2.2666666666666666,2.6666666666666665,4.25,4.0,0.0,0,0,0,0,Social Media,48.0,1.0
630,19,13,1,2.933333333333333,2.8333333333333335,3.0,3.0,0.0,0,1,0,0,Music,36.0,1.0
631,18,13,1,2.3333333333333335,2.8333333333333335,3.5,3.0,0.0,0,0,0,0,Music,36.0,1.0
632,21,13,1,2.2666666666666666,2.9166666666666665,5.25,3.0,8.0,0,1,1,0,Music,44.0,1.0
633,20,13,1,1.8666666666666667,2.4166666666666665,3.75,3.0,0.0,0,0,0,0,Communication,36.0,1.0
634,17,13,0,2.466666666666667,3.0833333333333335,4.916666666666667,3.0,0.0,0,1,0,1,Music,36.0,1.0
635,19,13,0,3.0,2.75,2.0833333333333335,2.0,8.0,0,1,0,0,Communication,32.0,1.0
636,21,13,1,2.2666666666666666,2.3333333333333335,3.1666666666666665,18.0,0.0,0,1,0,0,Music,,0.0
637,21,13,1,2.2,3.0833333333333335,3.3333333333333335,6.0,0.0,0,0,1,1,Communication,72.0,1.0
638,20,13,0,2.066666666666667,3.5,3.5833333333333335,2.0,10.0,0,0,1,0,School,34.0,1.0
639,18,13,0,2.2666666666666666,3.0833333333333335,4.833333333333333,3.0,0.0,0,1,0,0,Communication,36.0,1.0
640,18,13,0,2.466666666666667,3.4166666666666665,4.083333333333333,5.0,0.0,0,0,0,0,Social Media,60.0,1.0
641,18,13,1,2.2,3.0,5.0,0.0,0.0,0,0,0,0,Social Media,0.0,0.0
642,22,13,0,1.9333333333333333,2.75,4.666666666666667,10.0,0.0,0,1,0,1,Other,120.0,1.0
643,19,13,1,2.1333333333333333,2.5833333333333335,3.8333333333333335,0.0,2.0,0,0,0,0,Music,2.0,1.0
644,20,13,1,2.0,3.0,4.583333333333333,6.0,0.0,0,0,0,1,Other,72.0,1.0
645,18,13,1,2.2,2.8333333333333335,3.1666666666666665,2.0,0.0,0,0,0,0,School,24.0,1.0
646,19,13,1,2.2,2.6666666666666665,3.5833333333333335,1.0,0.0,0,0,0,0,School,12.0,1.0
647,20,13,1,2.066666666666667,2.5833333333333335,3.3333333333333335,4.0,0.0,0,0,0,0,School,48.0,1.0
649,19,13,0,2.6666666666666665,3.0833333333333335,3.3333333333333335,0.0,0.0,0,0,0,0,School,0.0,0.0
650,20,13,1,2.6,2.75,2.3333333333333335,1.0,0.0,0,0,1,0,Games,12.0,1.0
651,20,13,1,2.933333333333333,2.9166666666666665,3.6666666666666665,3.0,0.0,0,0,0,1,Music,36.0,1.0
652,21,13,1,1.7333333333333334,3.0833333333333335,4.75,3.0,0.0,0,0,0,0,Social Media,36.0,1.0
653,23,13,1,2.4,2.3333333333333335,4.0,3.0,0.0,0,1,0,0,Music,36.0,1.0
654,23,13,1,3.1333333333333333,2.5,1.75,3.0,0.0,0,0,0,1,Communication,36.0,1.0
655,19,13,1,2.6666666666666665,2.75,3.8333333333333335,5.0,0.0,0,0,0,1,School,60.0,1.0
656,20,13,1,3.1333333333333333,2.6666666666666665,4.583333333333333,4.0,0.0,0,0,0,1,Music,48.0,1.0
657,18,13,0,2.066666666666667,2.75,4.166666666666667,0.0,2.0,0,0,0,0,Social Media,2.0,1.0
658,17,13,1,2.466666666666667,2.3333333333333335,1.0,0.0,0.0,0,1,0,1,Music,0.0,0.0
659,17,13,0,2.2666666666666666,3.5833333333333335,5.416666666666667,6.0,0.0,0,1,0,1,Social Media,72.0,1.0
660,19,13,1,2.8,1.25,3.75,8.0,0.0,0,1,0,1,Social Media,96.0,1.0
661,18,13,0,2.7333333333333334,2.9166666666666665,2.9166666666666665,2.0,1.0,0,0,1,1,Games,25.0,1.0
662,19,13,1,2.7333333333333334,1.75,5.083333333333333,3.0,0.0,0,1,1,0,"School, Communication, Social Media, Music",36.0,1.0
663,18,13,0,2.2,3.0,4.083333333333333,7.0,3.0,0,0,1,0,Communication,87.0,1.0
664,18,13,1,1.7333333333333334,2.8333333333333335,5.333333333333333,5.0,0.0,0,0,0,0,Social Media,60.0,1.0
665,20,13,1,2.2,2.8333333333333335,1.0,0.0,0.0,0,1,1,1,Other,0.0,0.0
666,19,13,1,2.7333333333333334,2.75,4.75,2.0,0.0,0,0,0,0,School,24.0,1.0
667,21,13,1,2.4,3.3333333333333335,2.4166666666666665,1.0,0.0,0,0,1,1,School,12.0,1.0
668,18,13,1,2.2,3.0,1.0,0.0,0.0,0,1,0,1,School,0.0,0.0
669,19,13,1,2.3333333333333335,2.75,4.75,3.0,0.0,0,0,0,0,Communication,36.0,1.0
670,22,13,1,1.3333333333333333,2.6666666666666665,3.1666666666666665,1.0,0.0,0,0,0,0,Communication,12.0,1.0
671,18,13,1,1.7333333333333334,2.75,3.5833333333333335,6.0,0.0,0,0,1,0,Music,72.0,1.0
672,20,13,1,2.3333333333333335,2.3333333333333335,3.5,3.0,6.0,0,0,0,0,Communication,42.0,1.0
673,20,13,1,2.0,2.8333333333333335,2.25,0.0,1.0,0,0,0,0,School,1.0,1.0
674,20,13,1,1.7333333333333334,2.3333333333333335,5.583333333333333,3.0,0.0,0,0,1,1,Social Media,36.0,1.0
