ID,A1, A2, A3, A4, A5, A6, A7, A8, A9, A11, A12, A13, A14, A15, H1, H2, H3, H4, H5, H6, H7, H8, H9, H10, H11, H12, T1, T2, T3, T4, T5, T6, T7, T8, T9, T10, T11, T12, T13, T14, Sex, Age, Class, school every day?, share phone with family?, electricity at home?, parents rules phone?, Main purpose of phone use
1,4,1,4,4,2,1,3,4,4,4,1,3,2,3,1,2,2,4,3,4,2,2,4,1,3,2,4,5,6,6,4,5,4,3,6,4,3,5,4,0,4,1,15,10,0,0,1,0,Communication
2,4,1,1,2,1,1,3,1,1,3,1,2,4,2,3,4,1,4,1,3,1,1,4,1,4,1,3,4,3,3,5,6,6,1,6,6,3,4,4,1,0,0,14,10,0,0,0,0,"School, Games"
3,4,4,4,4,4,4,2,4,4,4,4,4,2,3,4,4,4,4,1,4,4,4,4,4,4,1,1,1,1,1,1,1,2,,1,1,1,1,1,0,0,1,14,10,0,,0,0,Communication
4,4,4,1,4,2,4,3,4,2,4,2,4,1,3,3,4,2,2,1,4,1,1,3,3,4,2,1,6,7,6,4,2,3,2,4,3,2,5,3,1,0,1,15,10,0,1,0,0,School
5,2,2,4,3,4,4,2,,3,2,3,4,3,4,1,4,3,4,4,4,2,1,3,2,2,2,2,4,4,,4,5,4,2,4,5,3,5,2,16,0,0,16,10,0,0,1,0,Communication
6,4,4,3,4,1,3,4,1,4,4,4,2,1,3,4,4,3,1,2,4,4,4,4,4,4,1,3,2,1,5,6,5,5,4,3,6,3,6,6,0,0,1,16,10,0,0,0,1,
7,2,1,4,2,1,4,4,4,1,1,1,3,3,4,4,3,4,1,1,2,1,4,4,4,4,2,2,2,1,1,2,3,2,2,5,5,5,2,1,2,4,0,15,10,0,0,0,0,"Games, Other"
8,4,3,3,4,4,4,4,4,4,2,1,2,3,1,1,4,3,4,2,4,2,1,3,2,4,2,4,5,6,,5,,5,,5,5,,3,,2,0,2,18,10,0,0,0,0,Communication
9,4,4,1,1,4,4,4,1,4,1,1,2,1,4,2,4,1,2,1,3,1,1,4,3,4,1,1,3,6,2,5,3,2,1,7,3,6,7,5,0,2,2,16,10,0,0,0,0,Music
10,4,4,4,4,2,4,4,4,3,1,1,1,1,4,4,1,4,1,1,4,2,4,4,2,2,2,2,4,2,3,5,4,4,4,1,1,1,5,1,14,0,0,16,10,0,1,0,0,School
11,4,4,1,4,4,,1,2,2,4,2,,3,3,1,2,3,4,4,4,3,4,4,4,3,3,4,4,4,3,4,,6,2,,2,2,2,2,1,0,2,16,10,0,0,1,0,School
12,4,4,1,4,4,4,4,1,4,1,1,1,1,1,1,2,2,4,1,4,1,4,4,1,4,1,1,4,,2,,3,4,4,,6,2,4,4,2,0,1,15,10,0,0,0,0,Games
13,4,4,2,4,1,4,2,3,4,3,4,2,3,4,2,4,2,4,1,4,2,4,4,2,2,2,3,4,5,2,1,6,3,2,2,4,5,6,6,0,0,1,17,10,0,0,0,0,School
14,3,4,4,4,2,4,4,4,2,1,4,3,1,2,1,4,2,,2,3,4,2,4,2,4,2,4,5,3,6,4,3,1,2,1,3,2,3,4,0,0,1,17,10,0,1,0,0,Social Media
15,4,2,3,4,4,2,4,2,4,1,1,2,3,2,3,3,3,4,2,4,1,4,4,4,3,2,4,6,7,6,7,2,5,4,4,6,5,7,5,4,0,1,17,10,0,0,0,0,Other
16,3,2,4,3,1,2,1,3,4,3,4,,1,2,4,2,3,1,4,3,1,1,3,3,4,2,3,2,3,3,3,2,1,2,1,5,1,3,5,15,0,,17,10,0,0,0,0,School
17,3,4,2,4,2,4,2,4,1,1,1,1,3,4,3,3,2,4,3,4,1,4,2,3,2,1,3,2,3,1,1,5,6,2,3,3,2,5,5,1,4,1,17,10,0,0,0,0,School
18,4,2,3,4,4,3,4,1,2,,3,4,1,2,3,4,4,1,3,4,4,4,4,3,4,2,3,7,7,6,5,4,7,4,6,2,1,5,7,14,0,1,15,10,0,1,0,0,Communication
19,4,2,4,1,4,1,4,1,3,2,4,3,3,4,4,4,4,4,1,2,1,4,4,4,4,1,4,1,1,1,1,1,1,1,1,1,1,1,1,0,0,0,14,10,0,,0,,
20,4,4,3,4,3,2,3,2,3,4,4,1,4,1,4,2,2,3,2,4,1,1,4,2,4,2,2,2,1,1,4,5,2,4,5,2,2,5,1,0,4,0,15,10,0,0,0,0,Games
21,1,4,4,1,2,4,1,1,1,2,3,4,1,4,1,4,1,4,1,4,2,4,4,1,2,2,3,4,1,2,2,6,3,4,,5,2,1,3,1,4,0,14,10,0,0,1,0,Games
22,3,3,3,3,4,4,2,3,4,3,2,2,3,2,2,2,1,4,4,2,2,4,4,2,3,2,4,1,2,7,1,7,1,2,1,2,1,1,7,0,2,1,16,10,0,0,0,1,Music
23,3,2,2,3,2,2,2,2,2,2,2,2,2,2,2,2,2,2,2,2,2,1,1,2,2,2,2,2,3,2,2,3,4,3,2,2,2,3,2,0,3,0,13,10,0,0,1,0,Communication
24,4,2,1,4,3,3,2,3,1,3,1,,2,2,1,2,2,3,1,2,2,2,3,2,3,3,2,3,2,,2,3,4,,2,2,1,2,2,5,2,0,16,10,0,1,0,0,School
25,2,4,2,4,3,1,1,4,2,4,1,3,4,4,2,4,4,2,1,4,2,4,4,3,2,,1,6,6,7,4,3,2,1,6,2,1,1,7,13,0,0,14,10,0,0,0,0,School
26,1,2,1,4,1,1,4,4,4,1,1,4,4,4,1,4,1,4,1,4,4,4,4,1,4,4,4,6,2,2,7,7,,1,1,7,4,7,1,10,8,0,16,10,0,1,1,1,Games
27,4,2,3,3,2,4,2,1,1,4,1,2,3,4,3,3,2,2,1,4,2,2,4,2,4,2,2,3,3,5,1,,5,4,4,3,1,4,6,15,8,1,16,10,0,0,0,0,Music
28,4,3,2,4,2,3,4,2,3,3,1,4,1,1,2,1,3,3,1,2,3,4,3,2,3,2,2,4,5,6,4,5,,5,3,2,1,4,3,0,4,0,15,10,0,1,0,0,"Communication, Games, Social Media, Music"
29,4,4,1,4,4,4,4,4,4,4,4,4,1,4,1,4,1,4,1,4,1,2,4,1,4,1,1,7,5,6,7,6,7,4,5,4,7,6,2,0,0,0,17,10,0,0,0,0,Communication
30,4,1,2,4,,4,4,4,4,2,1,4,4,4,4,4,2,4,1,4,1,4,4,1,4,4,4,4,5,7,7,7,4,4,4,6,1,5,7,1,0,1,15,10,0,0,0,0,School
31,2,4,4,1,1,1,2,4,2,1,4,2,2,2,1,2,2,4,1,4,2,4,1,1,2,2,1,7,7,7,5,,3,1,2,4,2,7,1,5,9,0,17,10,0,0,1,1,Music
32,3,2,1,4,1,3,1,2,4,3,4,1,1,2,4,2,4,1,1,3,1,4,2,1,2,,4,4,4,2,1,1,4,5,6,1,1,7,5,0,9,0,20,10,0,0,1,0,Communication
33,2,4,2,3,4,4,1,1,1,2,2,1,1,1,1,2,3,4,1,1,2,1,3,4,4,4,4,1,1,2,1,1,4,2,2,1,1,1,1,16,0,0,17,10,0,0,0,0,Music
34,2,4,1,1,4,4,2,2,4,3,3,4,1,2,4,1,4,1,3,4,2,1,4,4,4,1,2,1,1,1,1,1,1,1,1,1,1,1,1,0,0,0,17,10,1,,0,,Other
35,4,2,4,2,4,1,2,3,4,1,1,2,1,4,4,2,4,1,1,,4,1,2,4,4,1,2,6,4,2,1,2,,4,1,1,5,2,2,2,0,,19,10,0,1,0,0,Games
36,4,2,1,4,3,2,4,4,4,4,2,4,4,3,1,3,4,4,1,4,4,3,3,,,4,2,5,5,3,5,7,5,3,2,4,3,6,7,2,0,1,18,10,0,0,0,0,Communication
37,4,3,4,3,3,1,2,4,4,3,4,1,2,3,2,2,4,4,2,4,2,2,2,4,3,2,4,7,4,3,6,7,6,4,5,4,5,4,6,8,0,1,17,10,0,1,0,0,School
38,4,4,2,4,4,4,1,4,4,3,1,2,3,2,1,2,3,3,1,4,2,1,2,2,3,3,3,5,5,5,5,5,,2,2,2,2,3,2,0,1,0,15,10,0,0,1,0,Music
39,4,1,2,4,1,2,1,1,1,1,1,1,1,1,1,4,4,1,1,4,1,4,1,1,4,1,1,5,5,2,5,6,7,3,4,2,3,4,6,3,0,0,14,10,0,1,0,0,Games
40,4,4,1,4,4,2,1,4,4,4,1,4,4,1,2,2,4,3,1,4,1,1,2,,4,3,1,2,5,2,6,6,7,7,5,3,4,4,6,0,2,1,17,10,0,0,0,0,Communication
41,4,3,3,4,4,3,2,3,2,4,4,3,4,2,4,1,4,4,2,1,2,3,4,4,4,2,2,6,2,3,3,3,3,3,3,4,4,4,2,2,0,1,17,10,0,0,0,1,Communication
42,1,2,2,4,4,3,2,4,2,3,1,2,2,1,1,3,2,4,1,4,2,1,4,3,3,1,1,,6,7,4,6,,3,4,5,2,3,4,1,0,1,20,10,0,0,0,0,Communication
43,4,2,1,4,2,1,4,4,4,2,1,1,1,4,4,2,2,3,2,4,2,1,2,2,4,2,2,4,2,2,4,,6,1,5,6,1,2,2,4,0,1,19,10,0,0,0,0,Communication
44,4,3,2,4,2,2,1,4,2,4,1,4,4,4,4,1,1,2,4,2,2,4,4,4,4,4,4,5,5,5,1,,2,3,3,2,1,5,2,6,0,1,19,10,0,0,0,1,"School, Communication, Music"
45,4,2,4,4,2,4,4,4,2,2,4,2,4,4,4,3,2,2,2,4,2,2,2,2,3,2,4,2,4,3,5,,3,5,6,5,5,5,2,8,0,1,18,10,0,0,1,0,Other
46,4,4,4,4,4,4,4,4,4,3,4,4,4,4,4,2,4,4,4,4,4,2,4,4,4,4,3,2,3,4,3,1,4,4,2,1,1,2,3,1,0,,17,10,0,0,1,0,Music
47,2,4,4,4,4,4,4,4,4,4,4,4,1,2,3,4,1,2,2,4,4,1,3,3,4,4,3,3,4,6,5,3,5,3,5,2,7,7,6,10,0,0,19,10,1,1,0,1,Other
48,4,4,1,,4,2,1,4,4,4,1,1,3,4,4,4,4,4,1,4,4,1,4,4,4,3,4,2,1,3,1,3,2,2,2,1,1,4,2,1,9,0,16,10,0,0,0,0,Communication
49,1,2,4,1,1,4,4,1,1,4,4,4,1,4,1,1,1,2,1,4,2,4,4,1,1,2,1,1,1,1,1,1,1,1,1,1,1,1,1,0,0,0,16,10,1,1,1,1,Other
50,2,3,1,4,4,4,42,1,3,4,1,4,1,4,4,2,4,4,1,3,2,4,4,1,4,3,4,6,7,6,6,3,6,6,5,7,4,6,7,2,0,0,15,10,1,1,0,0,Other
51,4,1,1,4,2,3,1,2,3,1,1,2,4,1,1,3,2,3,1,3,1,2,4,1,2,3,1,5,4,4,5,3,3,6,5,3,2,5,3,13,6,0,16,10,0,0,0,0,Social Media
52,4,2,3,4,3,4,1,4,1,1,4,4,4,1,1,4,1,1,1,4,1,2,4,4,4,1,1,3,7,5,3,1,7,5,4,2,1,6,2,1,0,0,17,10,0,0,0,1,Communication
53,4,2,3,4,1,4,3,3,4,1,1,2,3,2,3,2,2,3,3,2,2,4,3,2,4,2,2,4,6,6,2,2,1,2,4,4,2,6,5,0,5,1,17,10,0,0,1,0,Communication
54,4,1,1,2,1,1,2,3,1,1,1,2,3,1,1,2,3,3,2,4,1,4,4,3,4,1,1,4,6,4,6,2,3,3,1,1,2,5,1,2,4,1,17,10,0,0,0,0,Communication
55,4,2,2,2,2,2,2,2,2,2,2,2,2,2,2,3,3,3,3,3,3,3,3,3,3,3,3,6,6,6,6,6,6,6,6,6,6,6,6,6,0,0,16,10,1,1,1,1,Other
56,3,2,1,4,3,4,4,,2,3,1,3,2,3,4,1,3,4,2,4,1,3,4,3,4,2,3,3,2,2,,1,3,1,2,2,2,3,1,0,5,0,15,10,0,0,1,0,School
57,4,2,2,4,1,1,1,4,4,4,1,1,1,1,1,4,4,4,3,4,4,1,4,1,4,3,4,3,6,3,3,7,7,3,3,3,1,1,1,0,0,0,14,10,0,0,0,1,School
58,4,4,4,4,4,3,1,4,2,4,1,1,3,2,2,2,2,4,3,3,3,4,2,4,2,4,4,1,1,1,1,1,1,1,1,1,1,1,1,0,0,0,14,10,0,1,0,0,
59,4,1,2,4,2,1,1,1,2,4,2,3,3,3,2,3,2,4,1,4,2,4,4,3,4,2,2,5,2,2,4,4,5,2,5,2,2,2,2,1,3,0,16,10,0,1,0,1,Communication
60,3,1,2,3,1,3,1,4,1,3,1,1,1,3,2,2,1,3,1,3,4,2,3,3,1,1,3,2,1,2,1,2,5,1,3,1,1,4,2,14,0,1,14,10,0,0,1,0,Communication
61,4,4,3,4,4,3,2,4,3,3,1,4,4,4,1,3,3,4,1,4,4,4,3,4,4,4,3,2,3,3,1,2,1,3,4,4,6,2,1,0,0,1,17,10,0,1,0,0,Communication
62,4,4,4,4,4,4,4,4,4,4,4,,2,3,1,4,4,2,3,4,4,4,4,4,4,4,4,3,1,1,5,6,2,1,5,4,1,1,1,0,1,2,16,10,0,0,0,0,Communication
63,4,4,2,4,2,3,2,4,2,4,1,2,1,1,2,2,2,1,1,4,2,4,2,2,2,3,2,7,7,6,2,2,1,4,3,3,4,2,1,0,4,1,15,10,0,1,0,0,Other
64,4,2,3,4,2,4,1,2,4,2,1,2,2,2,3,2,3,2,1,4,2,4,3,1,4,2,2,4,3,6,1,3,2,2,2,3,6,7,1,1,6,1,13,10,0,0,0,0,Other
65,4,3,4,3,2,1,3,4,2,4,3,2,1,1,3,3,4,2,1,4,2,4,2,2,4,3,3,4,6,6,1,7,1,3,4,5,1,3,3,1,0,1,18,10,0,0,0,0,Music
66,4,4,4,4,4,4,2,1,4,4,1,4,4,4,4,1,4,1,1,4,4,1,4,1,1,4,1,7,6,7,7,4,4,4,4,4,2,4,5,3,0,1,17,10,0,0,0,1,Music
67,2,3,3,4,,2,3,4,4,,4,3,1,3,2,4,3,1,2,2,4,2,4,4,4,3,2,2,5,6,3,6,6,1,2,1,1,2,1,2,0,1,14,10,0,0,0,0,Other
68,4,2,4,4,3,3,4,4,2,3,1,4,4,4,4,2,3,4,4,4,4,1,1,2,1,3,1,1,1,1,1,1,1,1,1,1,1,1,1,0,0,1,19,10,0,,1,,
69,4,4,2,4,3,2,2,3,2,1,4,1,2,4,4,4,2,3,3,4,1,4,4,4,2,3,2,4,4,6,6,2,2,2,1,2,4,4,5,3,0,1,16,10,0,1,0,0,Communication
70,2,3,2,1,1,4,3,2,4,4,3,2,1,3,4,4,2,4,1,4,1,4,,1,,1,,6,7,5,3,2,2,2,5,3,1,6,2,0,0,0,16,10,0,0,0,0,Communication
71,1,1,4,4,3,3,4,4,4,4,4,1,4,4,4,4,4,4,1,4,4,4,4,4,4,1,4,5,2,2,4,7,2,6,5,4,2,7,2,0,3,1,15,10,0,0,0,0,Games
72,4,4,4,2,2,3,2,4,4,4,2,4,4,1,4,4,4,2,1,4,2,4,4,4,4,2,4,1,1,2,2,5,5,3,3,3,3,5,7,0,3,1,15,10,0,0,0,0,Music
73,4,2,1,4,4,2,1,3,1,3,1,4,1,1,3,1,2,2,1,4,2,4,4,1,4,3,1,3,4,2,1,2,4,,,,3,2,1,1,0,1,17,10,0,0,1,0,School
74,1,2,2,3,1,,4,3,1,,,4,1,1,3,2,4,3,2,1,3,2,3,,2,4,3,6,4,1,,1,4,1,5,,,4,7,0,6,1,17,10,,,0,0,Communication
75,4,4,3,4,4,4,4,2,2,2,1,1,2,4,4,2,4,3,2,4,3,4,3,4,2,4,4,1,1,1,1,5,2,1,1,2,1,2,3,0,1,1,15,10,0,0,0,0,Games
76,4,2,1,4,4,1,4,4,3,4,1,4,1,4,3,1,2,4,1,4,4,3,4,3,4,2,3,2,3,5,2,5,2,1,3,1,1,4,1,0,5,1,17,10,0,0,1,0,School
77,4,3,2,4,3,2,1,3,4,2,1,3,1,2,3,2,3,2,3,4,2,4,2,2,4,1,3,3,3,4,3,5,1,4,5,5,4,4,3,0,8,2,15,10,0,1,0,1,Other
78,4,3,1,4,4,3,1,4,1,4,4,2,4,4,3,4,1,1,4,4,2,4,1,4,4,,3,7,6,4,3,4,6,1,1,3,1,3,6,0,3,1,17,10,0,1,0,0,Social Media
79,4,1,4,4,4,4,4,4,2,2,1,1,1,2,2,1,2,2,2,4,2,4,3,4,3,2,1,1,1,1,1,1,1,3,5,,6,7,6,0,0,1,15,10,0,0,0,1,Music
80,4,2,2,4,1,3,2,3,1,3,1,3,1,4,1,4,4,3,1,4,4,1,3,3,3,3,2,5,2,1,3,5,4,2,5,5,2,4,2,3,0,1,14,10,0,0,0,0,Other
81,4,1,1,4,4,3,2,1,1,4,1,2,3,4,3,1,3,2,1,4,2,2,4,1,4,,1,2,3,2,1,1,2,4,4,2,3,2,2,0,0,,,10,0,0,1,0,School
82,3,4,1,4,3,1,3,2,4,2,1,3,2,4,4,4,1,1,2,4,3,2,3,1,4,2,1,3,4,5,1,7,3,6,4,1,2,3,1,0,1,1,15,10,0,0,0,,School
83,4,3,4,4,1,2,1,3,1,3,2,4,3,4,4,1,3,4,1,4,2,1,4,4,4,2,3,1,2,1,2,2,3,3,2,4,1,4,2,4,10,1,17,10,0,0,0,0,Music
84,2,3,3,4,4,3,2,1,3,1,4,3,2,3,2,2,2,4,1,4,1,3,1,1,4,1,4,4,3,6,3,7,4,7,4,6,1,5,3,,,0,16,10,0,0,0,0,Social Media
85,2,1,3,4,1,2,1,4,3,4,1,4,4,1,1,3,4,3,2,4,1,4,4,4,4,4,2,4,1,,1,6,5,1,3,4,1,5,1,0,4,0,13,7,0,0,1,0,Communication
86,1,1,1,1,1,2,1,1,2,2,1,1,1,1,1,2,3,1,3,2,2,3,2,2,1,1,1,1,7,5,4,1,1,2,2,1,1,1,1,0,0,1,,7,0,1,0,1,Games
87,2,1,4,2,4,1,,4,3,4,1,1,2,3,4,3,2,2,3,4,2,4,4,1,4,2,3,1,1,1,1,1,1,1,1,1,,1,1,0,0,1,13,7,0,,1,,
88,3,2,1,4,3,3,2,3,4,,2,2,2,3,2,2,2,1,1,4,3,3,2,3,3,2,4,3,2,2,4,5,5,2,2,1,1,2,2,0,0,1,11,7,0,0,1,0,School
89,1,1,2,1,4,3,1,1,1,1,1,1,1,1,1,3,2,4,3,2,1,3,4,1,1,2,1,1,1,1,1,1,1,1,1,1,1,1,1,0,0,0,11,7,0,0,0,0,social media
90,1,3,,2,,1,4,3,2,4,3,4,1,3,4,4,2,3,4,4,2,4,3,,,,,3,7,5,3,7,6,6,7,5,4,5,6,,,0,11,7,0,0,1,0,Games
91,4,1,3,4,4,2,4,4,1,4,1,4,4,4,2,4,4,1,4,4,1,2,4,4,4,4,1,5,6,7,7,6,7,4,6,3,5,6,7,0,4,0,12,7,0,1,0,0,Communication
92,2,4,2,4,4,2,2,4,4,1,1,2,4,1,4,2,3,3,3,4,2,4,4,3,4,3,3,1,1,1,1,1,1,1,1,2,3,3,4,0,0,1,12,7,0,1,1,1,Games
93,3,4,1,4,4,4,3,3,3,3,4,3,3,3,3,4,3,4,1,4,,2,2,4,4,3,2,2,2,1,1,6,5,5,6,6,2,2,6,0,1,0,12,7,0,0,1,0,School
94,3,1,4,3,3,1,3,3,2,3,3,3,1,3,1,3,1,1,3,3,3,3,3,3,3,3,3,3,6,7,7,6,3,2,5,1,2,1,3,0,0,0,12,7,0,0,1,0,Communication
95,4,3,4,2,2,3,1,4,2,2,3,3,2,2,3,4,1,4,3,4,1,3,3,4,4,4,3,7,4,4,5,6,,3,5,6,7,5,4,,,,13,7,0,0,0,1,
96,4,2,4,4,4,4,2,4,3,2,4,2,4,4,3,4,3,2,4,4,4,4,4,4,4,4,4,6,3,4,6,5,6,2,2,4,6,3,5,3,0,0,13,7,0,0,0,0,Music
97,4,2,1,3,1,2,4,3,1,4,4,4,1,3,1,4,4,4,4,3,4,4,4,4,4,4,1,4,1,2,2,2,2,2,2,1,1,2,1,,,0,12,7,0,0,1,0,Communication
98,2,1,4,2,,4,1,2,3,2,1,1,2,4,3,2,2,2,3,4,2,4,4,1,4,1,2,6,4,6,3,5,6,1,3,3,4,2,2,,,0,13,7,0,1,0,1,School
99,4,3,3,1,3,4,1,3,4,1,3,2,4,2,1,3,3,1,1,3,4,4,2,4,1,3,4,5,7,3,1,5,5,3,6,3,7,4,2,0,0,1,14,7,0,1,0,0,Games
100,3,2,,2,1,2,3,4,1,4,2,1,3,2,1,2,4,3,3,1,2,2,3,,,,,7,,3,,4,6,1,4,2,5,2,1,0,0,,,7,0,1,0,1,Music
101,1,3,1,4,2,2,4,2,2,3,2,2,2,3,2,4,2,2,1,4,2,3,2,2,4,3,2,5,,4,1,7,4,4,3,4,2,2,5,2,0,0,11,7,0,0,0,0,Communication
102,4,2,4,4,4,3,1,3,1,4,1,3,1,2,4,4,4,2,3,4,1,3,4,1,3,3,2,6,2,4,6,5,3,2,4,,6,3,1,5,9,0,12,7,0,0,0,0,Social Media
103,4,4,4,4,1,4,2,4,4,3,1,1,4,4,4,4,4,4,4,4,4,1,4,1,4,3,3,4,6,6,6,5,6,4,6,3,5,3,4,0,0,0,13,7,0,1,0,0,Games
104,1,1,2,1,1,1,2,1,1,1,3,4,1,2,1,1,3,2,1,1,3,1,1,1,1,3,3,5,7,6,5,4,2,3,,4,3,2,6,0,0,1,15,7,0,1,0,1,Music
105,1,1,3,1,3,3,4,4,3,3,3,4,2,1,3,4,2,2,1,4,4,4,4,4,1,2,4,1,4,4,6,1,2,3,4,5,6,3,6,0,7,1,12,7,0,0,0,0,Communication
106,1,1,4,4,3,2,1,4,2,1,1,3,2,1,3,1,1,4,1,4,1,4,4,1,4,3,1,2,1,3,5,5,5,1,3,1,1,1,1,0,0,1,11,7,0,0,0,1,Music
107,4,1,4,3,,1,2,4,1,3,2,4,4,1,1,4,1,3,2,4,1,4,1,1,4,3,4,7,7,6,7,5,7,6,4,1,1,1,5,0,0,1,13,7,0,0,0,0,Games
108,4,3,,2,4,1,4,1,3,4,4,1,1,2,1,4,3,4,1,4,3,4,4,4,4,1,4,1,1,1,1,1,1,1,1,1,1,1,1,0,0,1,12,7,0,0,0,,Games
109,1,1,1,2,1,3,2,2,2,2,1,2,1,2,3,3,1,2,1,2,1,2,2,2,2,1,2,1,4,4,3,2,3,1,1,1,1,3,1,0,0,1,12,7,1,0,0,0,Music
110,4,,2,4,1,2,1,3,2,2,1,4,2,3,,4,3,3,4,4,3,4,2,3,4,2,3,6,6,4,5,4,6,5,1,4,4,4,1,6,7,0,17,7,0,1,0,0,School
111,4,4,3,4,,1,1,4,1,1,4,1,3,1,3,4,3,1,2,4,2,4,3,1,4,3,4,3,5,6,2,3,1,4,2,2,,4,5,,,0,14,7,1,0,1,1,Games
112,4,2,2,4,3,2,3,4,2,1,3,4,2,2,3,4,3,1,2,3,4,2,3,3,2,3,1,2,3,3,4,3,5,1,3,6,2,4,4,0,0,1,12,7,0,0,1,0,Games
113,4,4,4,4,1,4,4,4,1,1,4,4,1,4,4,4,4,1,1,4,4,4,1,4,4,,4,1,1,1,1,1,1,1,1,1,1,1,1,0,0,2,15,7,0,1,0,0,Music
114,4,1,2,4,,1,2,1,1,4,2,1,1,2,1,4,1,4,1,4,3,3,2,3,,2,,4,3,7,5,2,5,,3,2,2,5,2,0,0,1,12,7,0,0,0,0,Games
115,,4,1,4,2,2,3,1,2,1,1,3,1,2,4,1,2,3,2,3,2,3,1,2,3,2,2,1,1,1,1,1,1,1,1,1,1,1,1,0,0,,,7,,,,,
116,3,4,2,1,4,,1,3,4,3,1,2,1,1,1,4,2,4,1,4,3,2,4,4,3,4,4,1,1,2,3,2,,4,1,3,1,5,1,0,0,1,12,7,0,0,0,0,Communication
117,2,3,4,3,4,2,2,,4,1,3,2,,4,1,4,3,2,1,4,1,3,4,4,2,1,1,1,4,2,4,,,3,1,,,5,4,1,6,1,12,7,0,0,1,0,Games
118,11,1,1,1,1,1,1,1,1,1,2,4,1,1,2,4,1,3,1,4,3,4,4,4,,3,,7,1,1,5,6,2,1,,2,1,5,1,0,0,1,13,7,0,0,1,1,Games
119,11,3,2,2,4,4,5,5,5,5,5,3,3,3,4,3,3,3,3,5,5,5,5,4,4,3,4,1,1,1,1,1,1,1,1,1,1,1,1,0,0,1,14,7,0,1,0,1,School
120,4,4,4,4,3,4,4,4,4,4,4,3,2,1,4,4,4,1,,4,3,4,4,,,,,2,3,6,7,6,7,1,4,5,5,6,6,0,0,0,13,7,0,1,0,0,Games
121,4,4,4,1,1,4,1,1,1,,,1,1,,,1,1,1,1,1,1,1,1,,1,,1,1,1,1,1,1,1,1,1,1,1,1,1,12,20,1,12,7,0,0,0,1,Games
122,4,2,1,3,3,2,3,4,1,4,2,3,4,1,2,4,1,3,3,4,4,2,4,4,4,4,4,4,6,7,7,6,7,5,1,6,5,4,2,,,1,13,7,0,0,0,0,School
123,4,4,2,4,,4,1,4,1,,1,4,4,4,4,4,4,3,1,4,2,4,4,4,4,3,4,4,6,,,7,,2,2,6,5,1,7,0,0,1,12,7,0,0,0,,Music
124,1,1,1,1,3,2,4,1,3,2,4,3,2,1,4,4,2,2,1,3,3,1,1,3,2,1,1,1,7,5,4,6,4,1,5,4,3,4,5,0,0,1,,7,0,1,1,1,"School, Communication, Games, Social media, Music, Other"
125,4,4,1,4,4,4,4,1,1,4,4,1,1,4,1,4,1,4,1,4,1,4,4,1,4,1,4,6,4,6,5,7,3,,,7,6,,3,0,4,0,11,7,0,0,0,0,Social media
126,4,3,1,4,1,4,1,3,1,4,1,4,1,4,4,4,1,2,1,2,1,4,4,4,2,1,4,1,1,1,1,1,1,1,1,1,1,1,1,0,0,1,13,7,0,,0,0,Social media
127,4,1,2,1,3,1,1,1,1,1,1,1,,1,1,1,1,2,2,3,3,4,4,1,2,2,4,2,7,4,3,7,1,1,4,5,5,6,6,0,0,1,13,7,0,0,1,0,Other
128,4,1,1,1,2,3,2,4,1,4,1,2,2,1,3,1,4,4,4,1,2,1,2,1,2,4,4,1,2,4,1,7,5,3,,3,6,1,5,0,0,1,11,7,0,0,0,0,School
129,4,4,1,4,1,4,3,1,1,4,1,2,3,1,3,4,2,4,1,4,2,4,4,1,4,2,2,4,5,,7,7,5,5,6,1,3,5,6,,,,,7,0,1,0,1,Music
130,2,3,4,3,4,4,3,3,2,2,4,2,3,3,1,2,2,3,3,4,3,4,3,3,2,3,2,1,2,6,7,6,4,,3,3,2,6,5,11,,1,15,7,0,0,1,0,Social media
131,3,1,3,3,2,1,2,4,1,3,2,3,1,2,4,4,2,1,2,4,2,4,2,4,4,2,2,6,5,4,4,6,1,2,1,4,3,7,4,10,,1,12,7,0,0,1,0,Music
132,1,2,3,1,3,1,4,1,4,2,4,2,1,2,4,4,1,3,4,3,4,1,1,4,4,1,3,5,5,5,7,5,3,1,1,4,1,5,1,,,1,15,7,0,1,0,1,School
133,2,2,1,1,1,1,3,4,3,1,1,3,1,2,1,3,4,4,4,4,4,4,4,4,1,4,,7,7,7,7,7,7,7,7,7,7,7,7,,,,13,7,0,0,0,0,Games
134,3,1,2,1,1,2,1,1,,1,1,2,3,1,4,4,1,2,1,4,2,3,1,2,4,1,2,5,6,6,,,6,3,6,1,3,5,5,0,0,2,12,7,0,0,0,0,"Games, Music"
135,1,1,1,1,1,1,1,1,1,1,1,1,1,1,1,1,1,1,1,1,1,1,1,1,1,1,1,1,1,1,1,1,1,1,1,1,1,1,1,0,0,1,13,7,0,0,0,0,"School, Communication, Games, Social media, Music, Other"
136,4,4,2,4,4,4,4,1,4,2,4,,1,2,4,1,1,2,3,4,2,4,4,2,4,1,1,1,1,1,1,1,1,1,1,1,1,1,1,0,0,0,15,7,0,0,1,0,Communication
137,3,2,2,2,2,,2,3,1,3,1,2,3,3,2,1,3,3,2,4,2,2,2,1,2,2,2,1,1,1,1,1,1,1,1,1,1,1,1,0,0,1,12,7,0,1,1,0,Music
138,1,1,,1,,1,,1,1,1,1,,,1,,1,1,,,1,1,1,,1,1,,,1,1,3,,5,3,,1,,3,6,,0,0,1,12,7,0,1,0,0,Social media
139,4,2,3,4,2,3,4,4,4,3,4,4,2,1,1,11,4,4,1,3,4,1,3,4,4,3,1,5,3,1,4,7,1,1,2,5,7,6,5,0,0,1,14,7,1,0,1,1,Communication
140,1,1,2,4,4,4,4,4,3,1,,4,4,,3,2,4,1,1,2,3,4,3,3,4,1,2,1,1,1,7,7,7,7,3,4,7,7,3,0,0,1,12,7,0,0,1,0,School
141,4,3,4,4,2,2,4,3,4,3,1,2,3,2,4,3,4,4,2,2,3,4,3,1,3,,1,5,1,4,4,5,4,4,2,6,1,2,3,0,2,,13,7,0,0,0,1,"Games, Other"
142,4,3,4,4,4,3,1,3,1,4,1,2,4,3,2,4,2,3,3,4,2,2,3,4,3,3,2,1,5,1,1,2,3,1,1,3,2,4,3,1,0,0,12,7,0,0,0,1,Games
143,4,1,3,4,2,3,2,4,2,4,1,2,1,4,2,4,3,2,1,4,1,4,2,4,4,3,4,1,1,1,1,1,1,1,1,1,1,1,1,0,0,0,12,7,0,0,0,0,Other
144,4,3,2,4,3,4,3,4,1,2,4,3,3,2,4,4,3,3,2,4,2,2,4,3,4,2,2,6,6,6,6,5,7,6,4,7,7,5,7,1,0,1,12,7,0,0,0,0,School
145,3,1,2,3,3,4,4,3,4,1,3,4,3,4,3,4,2,3,1,4,3,4,2,2,4,3,3,4,5,4,7,3,6,4,3,2,1,6,3,0,0,,12,7,0,0,0,0,School
146,4,2,1,4,,4,2,1,1,4,1,1,4,4,3,4,3,4,4,4,4,4,4,1,4,4,4,1,4,6,6,7,5,3,3,5,6,1,2,0,0,2,,7,0,0,0,0,Games
147,4,2,2,2,4,2,2,3,2,3,2,4,3,3,2,3,4,,3,2,3,4,2,3,,2,,6,6,5,7,7,4,6,6,4,5,2,6,2,10,0,11,7,0,0,1,0,School
148,1,,,1,,,,,,1,1,1,,1,,,,1,1,1,,1,1,,,,,1,1,1,7,1,1,1,,1,1,1,1,8,0,,,7,0,0,0,0,School
149,4,1,4,4,3,2,2,4,1,4,1,3,2,1,2,2,2,4,3,4,2,4,4,1,3,2,2,1,1,1,1,1,1,1,1,1,1,1,1,0,0,0,13,7,0,0,0,0,Communication
150,4,2,4,4,3,3,1,4,4,3,1,4,1,4,2,3,3,4,1,4,2,4,3,4,3,2,4,6,4,4,,6,7,5,5,4,6,5,4,0,0,0,13,7,0,0,1,0,Other
151,4,1,4,4,3,3,4,2,4,4,4,3,2,1,4,3,4,1,1,4,3,3,4,3,4,3,3,4,6,,2,,7,5,4,6,1,4,7,0,0,0,12,7,0,0,0,0,"Games, Other"
152,4,1,1,4,4,4,1,4,1,4,2,1,1,1,2,4,1,3,1,4,4,4,4,4,4,4,4,1,1,1,1,1,1,1,1,1,1,1,1,0,0,0,,7,0,1,1,1,Other
153,2,2,2,3,3,3,1,3,3,3,3,3,1,3,1,3,1,1,1,3,3,3,3,3,3,3,3,4,1,1,1,1,4,1,1,1,1,4,1,0,0,0,,7,0,0,0,0,Games
154,4,4,1,4,2,4,2,4,1,1,4,4,2,3,4,1,1,1,1,4,,1,2,2,4,,1,2,2,2,2,3,1,4,2,4,,1,1,,,0,14,7,0,0,1,0,Communication
155,4,2,1,3,4,4,1,3,3,2,1,1,2,3,2,3,4,4,1,4,2,3,3,4,3,3,4,2,1,1,2,6,2,1,3,1,1,1,1,0,0,1,13,7,0,1,1,0,Games
156,1,4,2,4,2,4,2,1,1,4,1,1,1,4,2,4,1,4,4,4,2,4,3,4,2,3,4,1,6,4,,6,4,6,5,6,7,7,1,0,0,1,13,7,0,1,1,0,Games
157,2,1,2,1,2,1,1,2,1,1,3,2,3,3,1,3,2,4,2,3,3,4,3,1,3,3,3,5,6,7,4,7,7,7,5,3,5,4,2,0,0,1,,7,0,1,1,0,"School,Other"
158,3,4,4,4,3,2,4,4,3,1,1,4,2,1,4,4,4,4,3,4,1,4,4,1,4,4,3,4,6,6,4,6,,4,5,3,1,6,6,0,0,,,7,0,0,0,1,Other
159,1,4,4,3,1,3,4,2,3,4,1,3,4,1,4,3,3,4,4,1,1,4,3,3,3,4,4,7,3,2,5,4,6,4,6,1,3,1,6,0,0,1,15,0,1,0,1,,Other
160,1,1,2,1,3,4,1,1,1,3,1,2,4,2,3,1,3,2,1,1,4,2,3,1,1,3,3,4,,4,4,5,6,4,6,4,7,2,4,0,6,0,15,7,1,0,0,0,Games
161,1,1,2,1,3,4,1,1,1,3,1,2,4,2,3,1,3,2,1,1,4,2,2,1,1,2,2,4,3,5,7,2,5,6,5,1,3,4,7,1,,0,14,7,0,0,1,0,Communication
162,3,2,1,1,4,3,4,1,1,4,2,3,1,3,,1,,,,,,4,1,,,,1,1,1,1,5,3,1,1,1,1,1,1,1,0,0,2,,7,0,0,1,0,Games
163,1,2,3,4,1,2,2,3,4,4,2,3,1,3,1,4,2,3,4,3,2,4,4,3,3,2,2,1,1,1,5,3,1,1,1,4,1,3,1,0,0,,14,7,0,0,1,0,Communication
164,3,3,1,2,1,1,1,2,3,1,4,4,3,1,3,1,4,1,3,1,2,2,4,,,,,1,1,1,1,1,1,1,1,1,1,1,1,0,0,0,13,7,0,0,1,1,Other
165,2,3,1,1,1,1,,1,1,1,2,1,2,1,1,1,1,1,2,1,2,1,1,,,,,5,7,2,1,1,1,1,1,1,1,1,1,,,,13,7,,,,,Other
166,4,2,4,4,3,4,3,1,4,4,1,4,4,4,4,4,4,4,1,4,4,2,4,2,4,3,2,1,1,1,1,1,1,1,1,1,1,1,1,0,0,,12,7,0,1,0,1,Other
167,4,4,4,4,4,4,4,1,4,4,4,4,1,1,4,4,4,4,1,4,4,4,1,4,4,3,3,4,3,5,5,5,5,3,6,4,6,6,1,0,6,2,11,7,0,0,,0,Communication
168,4,4,4,4,2,2,3,1,3,3,4,4,3,3,2,4,4,4,1,2,2,2,4,3,4,,3,1,1,1,1,1,1,1,1,1,1,1,1,0,0,1,10,7,0,1,0,1,Other
169,4,2,1,3,2,3,4,3,1,4,1,1,1,3,1,4,1,4,4,4,1,1,3,4,3,1,1,1,1,1,1,1,1,1,1,1,1,1,1,0,0,1,12,7,0,1,0,1,Other
170,1,1,1,1,1,1,1,1,1,1,1,1,1,1,1,4,2,1,3,4,4,4,2,,,,,3,3,4,3,7,1,1,3,5,1,2,1,0,0,1,13,7,0,0,1,0,Games
171,4,1,,4,1,4,1,4,2,3,2,4,4,3,2,4,,2,1,3,3,2,4,3,4,2,1,3,5,7,6,7,1,1,2,1,1,4,2,0,2,1,12,7,0,0,0,0,Other
172,1,,1,1,1,,1,,1,1,,1,,1,,1,1,,1,1,,1,1,1,1,1,,,2,,,,,1,1,,,1,,0,0,0,12,7,0,0,0,1,School
173,4,4,4,4,,1,1,,4,4,1,,2,4,4,1,4,1,4,4,4,4,4,1,4,1,4,1,1,1,1,6,,,1,1,1,1,1,0,0,1,13,7,0,0,0,0,"Communication, Games"
174,1,2,3,2,1,2,3,2,2,1,4,2,2,3,1,4,3,3,2,2,2,2,3,,,,,2,6,,,4,2,6,4,2,1,3,2,2,0,1,15,7,0,1,0,1,"Communication, Games, Music"
175,4,3,3,4,2,4,1,4,1,3,4,4,3,4,3,3,1,4,1,3,4,4,4,,,,,3,5,7,3,1,6,4,7,7,6,6,5,0,0,0,13,7,0,1,0,1,Communication
176,2,4,3,1,4,2,3,4,2,2,4,1,2,3,1,4,2,2,3,3,2,2,4,,,,,6,2,4,1,6,2,5,,4,5,2,4,0,0,,14,7,0,0,0,0,Games
177,1,4,2,1,1,1,2,1,3,1,4,1,1,3,1,1,1,2,2,1,1,1,2,,,,,1,5,7,6,4,4,2,6,,1,5,2,1,3,0,,7,0,0,1,0,Communication
178,2,1,2,1,1,2,1,2,3,4,3,3,2,1,4,4,3,2,1,4,2,4,4,,,,,1,6,7,5,4,6,5,1,1,1,2,3,9,,0,14,7,0,0,1,0,Communication
179,1,2,4,4,3,2,1,3,1,4,3,2,2,3,1,3,2,3,3,4,4,4,3,2,4,4,4,2,5,5,4,3,4,2,4,5,1,4,5,0,0,0,11,7,0,0,1,0,School
180,2,,2,3,4,1,4,4,1,4,1,4,1,2,1,4,3,1,1,1,3,4,1,3,4,2,3,7,2,7,5,3,5,6,5,1,,5,7,0,0,0,,7,0,1,0,1,Communication
181,2,,,,2,1,,1,,,2,2,2,,2,1,1,,,1,,2,,,2,2,1,1,1,1,1,1,,1,1,1,1,1,1,0,0,,13,7,1,,0,,
182,4,2,3,4,1,2,4,4,4,,,1,1,3,1,4,1,4,1,4,1,4,3,4,1,4,4,1,1,1,1,7,1,1,4,2,4,,,1,0,1,12,7,0,0,0,0,Music
183,4,3,2,4,3,4,3,4,2,4,4,4,1,3,1,1,4,4,1,4,1,4,4,4,4,1,4,1,1,1,1,1,1,1,1,1,1,1,1,0,0,0,12,7,1,1,0,0,Games
184,4,1,1,4,4,4,2,4,4,4,1,1,,4,2,4,4,4,3,4,1,1,4,1,4,1,1,1,1,1,1,1,1,1,1,1,1,1,1,0,0,1,13,7,0,,1,,Other
185,1,2,1,4,1,2,2,2,4,1,1,4,3,3,4,3,4,3,3,2,4,3,3,3,2,,3,4,1,1,1,4,1,1,3,,,3,3,0,3,1,13,7,0,0,0,0,Games
186,4,3,4,4,3,2,4,4,1,1,1,2,4,1,3,1,4,2,1,3,3,4,2,4,4,1,3,1,1,1,,1,1,1,1,1,1,1,1,0,0,0,12,7,0,0,0,0,Other
187,1,1,1,1,1,1,1,1,1,1,,1,1,1,1,1,1,1,1,1,1,1,1,1,,1,,1,1,1,1,1,1,1,1,1,1,1,1,0,0,0,13,7,0,0,0,0,School
188,2,2,4,1,2,3,4,2,1,2,3,1,4,3,,4,3,1,1,4,4,3,4,3,2,4,2,1,1,5,4,5,5,4,2,3,6,2,5,0,0,0,15,7,0,0,0,0,Music
189,2,1,1,3,4,2,1,1,4,2,1,4,2,3,1,4,3,1,3,1,4,4,4,2,1,2,1,1,1,1,1,1,1,1,1,1,1,1,1,0,0,0,12,7,0,1,1,1,Other
190,1,4,,1,1,3,1,2,2,1,2,3,2,1,3,1,2,3,3,1,3,2,1,3,2,4,2,1,1,1,1,,1,1,1,1,1,1,1,1,1,0,12,7,0,,0,,Other
191,3,3,4,2,4,4,1,1,1,1,1,1,1,1,4,4,4,4,4,4,1,3,4,4,4,2,1,1,1,1,1,1,1,1,1,1,1,1,1,0,0,0,11,7,0,1,0,1,Other
192,4,1,3,4,3,3,4,4,4,3,2,2,,,1,4,2,3,1,4,2,2,3,3,,,,4,5,4,4,5,1,5,7,5,3,4,5,0,7,0,13,7,0,0,0,0,Music
193,3,2,2,3,1,1,1,1,1,1,1,1,4,1,3,1,3,1,3,2,4,2,4,3,1,2,3,1,1,1,1,1,1,1,1,1,1,1,5,0,0,1,14,7,0,,0,1,Other
194,1,2,2,4,1,1,2,1,1,2,1,1,1,2,2,1,1,2,2,1,4,2,1,1,1,4,1,1,1,1,1,1,1,1,1,1,1,1,1,0,0,1,12,7,0,1,0,1,Other
195,4,3,1,4,4,4,2,4,1,4,1,2,1,3,4,4,4,4,2,4,3,3,4,4,4,3,1,1,1,1,1,1,1,1,1,1,1,1,1,0,0,1,13,7,,,,,
196,4,2,4,4,4,4,4,4,4,3,4,2,2,4,4,4,2,4,2,2,3,4,4,4,,2,,1,1,1,1,1,1,1,1,3,1,2,1,0,0,1,13,7,0,1,1,1,
197,4,2,3,4,4,2,3,4,2,4,1,3,1,2,2,4,3,4,1,1,1,1,1,3,4,2,4,1,1,1,1,1,1,1,1,1,1,1,1,0,0,0,12,7,0,0,0,0,Games
198,4,4,4,4,4,4,1,4,4,4,1,4,1,1,4,2,4,2,4,4,,1,4,4,1,1,1,1,1,1,1,1,1,1,1,1,1,1,1,0,0,1,13,7,0,1,1,1,Other
199,4,2,2,3,,2,1,3,2,1,4,2,2,2,3,3,3,2,3,4,2,4,4,3,3,2,3,1,1,1,1,1,1,1,1,1,1,1,1,0,0,1,13,7,0,0,0,0,Games
200,4,3,4,4,3,4,1,4,1,4,3,2,1,4,,4,3,1,4,4,3,4,4,3,4,2,2,3,5,3,5,6,2,1,3,2,1,4,1,2,0,1,11,7,0,0,0,1,Games
201,4,2,3,4,4,2,2,4,2,3,4,,2,4,3,4,4,1,1,4,1,2,4,1,4,3,1,4,7,3,3,7,3,6,1,7,3,4,1,,,,13,7,0,1,0,1,Games
202,1,1,1,1,4,3,4,4,3,3,1,2,1,3,3,4,3,1,1,4,3,4,4,4,4,1,4,1,1,1,1,1,1,1,1,1,1,1,1,0,0,1,14,7,0,1,0,0,Other
203,3,2,1,2,3,4,1,3,4,2,2,4,3,4,3,2,2,1,3,1,2,2,2,,,,,1,1,1,1,1,1,1,1,1,1,1,1,0,0,1,13,7,0,1,1,1,School
204,4,4,4,1,4,4,1,4,1,1,1,1,1,2,2,4,2,4,1,4,2,4,4,1,4,4,1,1,1,1,1,1,1,,1,1,1,1,1,,,1,15,7,0,1,1,1,
205,2,2,2,1,4,2,4,3,1,3,3,1,2,2,1,1,1,2,1,4,4,1,2,1,3,2,1,1,2,2,1,3,1,2,2,4,2,2,3,,3,0,15,7,0,0,0,0,School
206,1,4,2,4,4,2,2,,4,4,4,4,4,1,4,2,4,1,3,4,2,4,2,4,4,4,4,7,6,7,7,6,7,5,5,6,2,7,7,3,7,0,13,7,0,0,0,0,Other
207,3,2,1,4,2,3,4,3,2,3,2,2,3,3,3,4,4,4,4,4,3,4,4,4,4,4,4,3,7,5,6,3,5,3,4,6,4,3,5,1,,0,16,7,0,0,0,0,Other
208,4,4,1,4,1,4,4,,4,4,1,1,1,1,4,2,4,2,1,4,4,2,4,4,4,4,4,7,1,1,7,7,7,7,7,7,7,7,7,2,,1,14,7,0,0,0,0,Social media
209,4,4,,4,2,4,2,4,1,4,3,4,1,2,1,2,1,2,4,4,4,1,4,4,4,1,2,1,1,5,3,7,4,1,1,4,1,1,5,,4,0,18,7,0,0,1,0,Communication
210,4,1,3,4,4,4,1,4,4,4,4,1,1,3,2,4,3,1,1,4,4,4,4,4,4,3,4,7,5,4,5,3,2,1,5,2,,4,7,,,1,11,7,0,0,1,0,School
211,4,1,1,1,1,1,1,1,1,1,1,1,1,1,1,1,1,1,1,1,1,1,1,1,1,1,1,1,1,1,1,,,,,,,,,,,,,7,,,,,
212,1,1,,1,2,1,2,2,2,1,2,2,2,2,3,1,3,2,2,1,2,2,1,1,1,2,2,,,,,,,,,,,,,,3,1,12,7,1,1,0,1,
213,4,1,2,1,1,3,4,4,4,1,1,4,,1,4,4,4,3,1,4,3,4,4,4,4,1,2,2,2,3,5,2,4,1,7,1,3,1,6,,,1,11,7,0,0,0,0,School
214,4,1,1,4,1,3,1,1,4,2,4,1,1,4,1,1,1,1,4,3,1,1,4,1,4,4,3,5,7,3,7,112,4,6,1,7,6,2,,,,1,14,7,0,1,1,0,Music
215,1,1,1,1,1,1,1,1,1,1,1,1,1,1,1,1,1,1,1,1,1,1,2,2,1,1,1,1,3,6,5,3,3,4,3,2,4,2,3,5,3,1,12,7,0,0,0,0,School
216,1,1,1,1,1,4,2,2,1,3,1,1,1,4,3,4,2,4,1,4,1,1,4,1,1,3,4,5,1,1,1,1,1,2,1,1,1,3,1,,2,1,12,7,0,0,0,0,Games
217,,,,,,,,,,,,,,,,,,,,,,,,,,,,5,5,4,1,6,4,5,6,4,4,4,5,0,4,0,11,7,0,1,0,0,Games
218,4,2,2,4,3,4,1,2,1,4,4,2,1,3,2,4,2,4,1,4,1,3,4,3,4,1,3,1,1,1,1,1,1,1,1,1,1,1,1,0,0,1,12,7,0,0,0,0,School
219,4,3,3,4,2,2,4,4,4,1,4,1,4,2,1,4,1,4,1,4,4,4,4,2,4,1,3,5,1,1,1,12,2,1,1,1,112,1,1,0,4,0,11,7,0,0,0,1,Music
220,2,3,4,1,2,3,4,1,2,3,1,3,2,4,2,2,3,2,4,1,3,4,4,1,3,2,4,1,2,7,6,4,5,5,5,1,1,3,7,,,,,7,0,0,1,1,Games
221,1,1,3,4,4,1,1,1,1,1,2,3,2,2,1,1,2,2,4,3,3,4,1,1,3,4,4,1,1,7,1,7,6,7,3,1,,7,6,2,,1,11,7,0,0,0,0,Games
222,4,2,4,4,1,2,4,4,4,4,1,4,3,1,4,4,3,2,1,4,1,2,3,3,4,3,1,1,4,,4,6,4,112,1,,6,7,7,,,1,13,7,0,0,0,0,Games
223,2,2,2,2,2,2,2,2,2,2,2,2,2,2,2,2,2,3,3,2,2,2,3,2,2,3,3,6,5,6,2,7,2,6,2,3,5,3,2,1,2,1,15,7,0,0,0,0,Games
224,4,1,1,3,1,1,1,3,2,3,2,3,4,3,2,4,1,4,,4,1,1,3,1,3,1,3,4,5,4,3,3,5,5,2,2,1,1,,3,,0,12,7,0,0,0,,"School, Communication, Games, Social media, Music, Other"
225,3,1,1,4,2,1,3,4,1,4,2,3,3,2,2,2,2,3,2,4,4,3,4,4,3,2,2,6,5,6,5,5,6,3,4,,2,1,3,,3,1,17,7,0,1,0,0,Communication
226,1,3,2,4,2,3,1,2,1,1,1,1,1,3,2,4,4,2,1,3,2,1,4,4,4,2,1,4,6,1,2,4,3,1,4,4,1,3,6,,,1,11,7,1,0,0,0,School
227,2,4,1,3,2,2,1,2,3,,1,1,4,2,1,3,1,1,1,4,2,4,4,,,,,1,7,4,,7,,5,2,4,3,6,1,0,0,1,14,7,0,0,0,1,Games
228,2,2,3,3,2,2,1,2,3,3,2,4,2,1,3,4,2,3,2,2,1,1,2,1,1,2,2,1,1,2,4,2,2,5,,5,,7,7,0,0,1,13,7,0,1,0,1,Social media
229,2,1,3,2,2,1,3,3,2,2,2,3,4,2,,4,2,2,1,4,2,4,4,3,4,4,4,1,7,4,4,5,3,3,4,6,6,3,3,,,0,12,7,0,0,1,0,School
230,3,1,4,4,2,4,3,3,1,1,3,1,2,4,1,4,3,2,2,2,3,2,2,3,3,4,2,2,7,6,4,4,4,5,3,2,5,4,4,5,,0,18,7,0,1,1,0,School
231,4,2,1,4,2,3,2,1,4,4,4,3,3,2,4,3,2,4,1,4,1,3,4,3,4,1,2,1,1,1,1,1,1,1,1,1,1,1,1,0,0,1,13,7,0,0,1,0,School
232,4,1,2,4,3,2,1,4,1,1,1,3,1,4,4,4,3,4,1,1,1,4,4,2,1,1,3,5,4,5,6,6,7,3,6,3,7,1,7,11,,1,12,7,0,1,0,1,Communication
233,1,,1,1,1,1,1,1,4,,4,1,1,1,1,4,1,1,1,4,1,1,4,1,1,1,1,1,1,1,1,1,1,1,1,1,1,1,1,0,0,2,13,7,0,0,0,0,School
234,2,1,4,4,3,1,4,3,4,4,2,3,1,2,3,4,2,3,1,4,3,4,2,,,,,4,1,7,1,3,6,5,3,4,1,1,1,,,0,15,7,,0,0,0,Communication
235,1,1,1,1,1,1,1,1,1,1,1,1,1,1,1,1,1,1,1,1,1,1,1,1,1,1,1,1,1,1,2,1,1,1,1,6,1,1,1,0,0,1,13,7,0,0,0,0,School
236,4,3,1,1,4,,4,4,4,4,4,4,2,3,1,4,1,3,2,2,1,4,4,4,4,4,1,1,1,1,1,1,1,1,1,1,1,1,1,0,0,1,12,7,0,0,1,0,Communication
237,2,2,2,2,2,2,2,2,2,2,1,2,1,1,2,2,1,2,2,2,2,2,1,2,2,1,2,5,7,5,5,5,5,5,5,5,7,7,7,,,,14,7,0,0,1,1,Communication
238,3,2,4,4,4,1,4,1,2,4,,4,2,3,4,4,1,2,2,3,4,4,4,,,,,,,,,,,,,,,,,,,,,7,,,,,
239,3,1,4,4,2,4,1,3,4,2,4,1,1,2,1,4,2,1,4,4,1,4,4,1,3,1,3,1,5,6,1,6,1,1,5,5,3,5,6,1,,0,12,7,0,0,0,0,Games
240,1,1,1,1,1,1,2,1,1,1,4,1,1,1,3,1,3,4,2,1,1,1,1,1,3,4,2,7,7,7,7,1,7,1,7,1,1,,1,14,,0,14,7,0,0,0,0,Games
241,4,3,4,4,3,2,3,2,3,4,2,3,2,3,2,4,2,3,2,4,2,4,3,4,4,3,3,4,1,1,514,5,1,4,4,3,4,4,4,0,3,0,11,7,0,0,0,0,Games
242,1,4,2,4,4,1,1,4,1,4,1,4,4,1,4,1,4,1,4,2,1,2,3,4,4,,1,1,1,2,,3,1,1,1,1,1,1,1,2,,0,14,7,0,0,1,0,School
243,1,2,3,4,4,2,1,4,1,4,3,1,4,2,1,4,4,1,1,4,1,2,1,1,1,3,1,3,2,2,3,4,,5,3,2,1,3,1,,,1,12,7,0,0,1,0,"School, Games"
244,1,3,2,1,1,2,3,3,2,4,1,3,1,1,3,3,2,1,1,3,2,2,4,,,,,2,1,1,1,3,3,2,1,1,3,4,1,0,0,1,12,7,0,0,0,0,Games
245,1,,,1,,1,1,1,1,1,1,1,,1,1,1,1,1,1,1,,1,1,1,1,1,1,,6,7,3,7,5,1,2,1,1,3,3,,,0,11,7,0,0,0,0,Communication
246,1,2,1,1,1,,1,1,,1,1,1,1,1,1,4,3,2,2,4,2,4,3,2,4,2,3,7,5,4,3,7,6,4,4,5,5,5,1,5,,1,11,7,0,0,0,0,"School, Communication, Games, Social media, Music, Other"
247,1,4,4,1,1,1,1,1,1,1,1,4,1,4,1,4,,4,1,4,1,4,4,1,4,1,2,1,1,1,1,1,1,1,1,1,1,1,1,0,0,2,12,7,0,1,0,0,Games
248,4,3,2,4,4,2,4,3,1,4,2,1,1,4,2,4,2,4,4,4,4,4,4,4,3,2,4,1,2,1,1,4,1,1,2,2,3,1,4,0,0,1,11,7,0,0,0,0,Games
249,1,1,2,2,3,2,2,2,2,2,2,2,2,2,2,2,2,2,2,2,2,2,2,2,2,2,1,5,2,2,6,1,2,2,3,2,3,2,2,0,0,1,15,7,0,0,0,0,Social media
250,1,2,2,1,2,4,3,3,,3,3,3,4,2,4,4,,2,1,4,3,2,1,1,4,4,4,4,7,5,1,4,6,7,2,1,5,5,1,,4,1,15,7,0,0,0,1,Social media
251,2,3,1,4,1,3,4,2,4,3,1,3,2,4,3,1,4,2,3,4,1,4,3,3,2,2,3,1,7,6,4,1,3,2,4,3,1,6,7,13,,0,13,7,0,0,0,0,Games
252,4,2,4,4,,1,1,4,3,1,1,3,1,4,2,4,4,1,1,4,4,1,4,1,4,4,2,4,5,5,7,2,1,5,2,5,6,3,2,12,,0,12,7,0,0,1,0,School
253,2,1,1,1,1,1,2,1,1,1,1,1,1,2,1,1,2,1,1,1,2,1,1,,,,,2,4,1,3,1,4,2,2,1,3,1,1,,,0,14,7,0,0,1,0,School
254,4,2,1,3,2,1,3,4,1,2,2,4,3,1,2,4,2,2,3,4,2,4,3,4,4,3,2,4,1,1,1,4,1,1,1,1,1,1,1,0,0,0,15,7,0,0,0,0,Communication
255,3,2,,4,1,4,4,4,2,3,3,1,3,3,1,2,3,4,1,4,3,4,4,4,4,3,4,1,1,1,1,1,1,1,1,1,1,1,1,0,0,0,11,7,0,0,0,0,School
256,4,1,1,2,4,1,3,1,4,1,1,2,4,1,2,4,4,2,1,4,4,1,4,4,4,2,1,6,4,4,6,6,6,4,3,1,1,6,2,3,,0,11,7,0,0,1,0,Games
257,4,4,4,4,4,2,4,1,2,3,4,1,1,4,4,1,1,4,3,1,2,4,1,1,1,4,4,1,1,2,4,5,6,1,2,3,3,1,2,4,4,0,13,7,0,0,0,0,School
258,2,4,4,4,4,4,,4,4,3,1,2,4,2,1,4,2,1,2,1,3,4,4,4,4,2,1,4,5,2,7,7,4,,6,1,4,3,6,0,0,0,15,7,0,0,0,0,Other
259,3,2,3,4,,3,2,2,2,3,4,3,4,2,1,2,2,,3,4,2,4,3,4,4,2,4,1,1,1,1,1,1,1,1,1,1,1,1,0,0,0,13,7,0,0,0,,School
260,1,4,1,1,1,3,3,1,4,4,1,2,1,2,3,1,3,2,4,1,1,2,2,1,2,4,2,1,2,3,6,5,7,1,4,6,1,2,4,1,,,,7,0,0,1,1,
261,1,2,1,3,4,3,4,,3,,3,1,2,1,3,4,3,1,3,1,4,4,4,4,1,1,3,7,4,1,6,7,3,5,5,6,4,6,7,,,1,13,7,0,0,0,0,School
262,4,4,4,2,1,4,1,1,1,3,1,4,4,4,2,4,4,1,1,4,2,4,4,3,4,2,3,1,1,1,1,1,1,1,1,1,1,1,1,0,0,0,12,7,0,1,0,1,Other
263,3,3,4,1,1,2,2,3,4,1,4,4,4,3,4,2,3,3,2,4,4,4,1,4,4,2,2,1,7,3,6,5,4,1,5,1,2,4,3,,1,0,12,7,0,0,0,0,School
264,4,1,2,4,4,2,2,2,1,3,2,3,2,2,4,4,3,3,1,4,2,2,3,2,4,1,4,6,6,4,4,6,6,2,2,2,1,3,4,0,0,0,12,,0,0,0,0,School
265,2,1,3,4,2,4,1,3,3,1,4,2,4,2,1,4,1,3,2,4,4,3,3,,,,,5,6,4,,3,4,2,7,5,2,5,4,2,0,0,14,8,0,0,0,0,Games
266,4,4,,4,4,4,4,4,2,2,1,4,4,3,2,2,2,4,4,4,2,2,2,4,2,4,2,1,1,1,1,1,1,1,1,1,1,1,1,0,0,2,13,8,0,,1,,
267,2,4,3,1,3,1,4,3,4,2,1,,3,3,1,4,1,1,1,1,2,4,1,3,1,4,3,7,7,7,7,7,7,7,7,7,7,7,7,0,1,0,15,8,0,0,1,0,School
268,4,1,1,4,4,4,1,4,4,1,1,1,1,1,4,4,4,1,1,4,1,4,1,2,4,,3,1,1,1,1,1,1,1,1,1,1,1,1,0,0,1,13,8,0,0,0,0,School
269,4,1,1,1,1,2,2,3,4,4,,2,2,1,4,4,4,2,1,1,4,4,4,4,1,4,1,4,3,7,6,6,2,6,3,5,1,4,2,1,1,1,13,8,0,0,1,0,Music
270,4,4,3,4,4,4,3,4,4,4,3,3,1,1,4,2,3,4,4,4,4,1,4,4,4,3,4,4,5,5,2,5,2,1,1,1,1,3,2,1,0,1,14,8,0,0,0,0,Games
271,4,2,1,4,2,4,1,4,4,4,1,1,1,1,1,4,4,2,1,4,1,4,4,4,4,1,1,4,1,1,1,5,1,1,1,1,1,1,1,6,0,0,12,8,0,0,0,0,Games
272,4,1,1,4,4,4,1,2,2,2,2,,1,2,1,2,2,1,1,2,2,2,2,1,4,3,4,1,3,2,2,,2,1,2,1,2,2,3,3,5,1,13,8,0,0,0,0,Games
273,,1,2,2,4,1,,2,1,,,,,,2,4,1,3,,4,2,2,4,2,2,3,1,1,2,3,5,7,,2,3,2,4,5,5,,,1,14,8,0,0,1,0,School
274,4,2,1,4,2,4,3,4,4,3,4,3,2,2,3,4,4,4,1,4,3,1,4,4,4,2,1,7,6,7,5,6,5,,3,3,2,6,6,3,0,1,16,8,0,1,1,0,"School, Social Media"
275,1,1,1,2,1,1,2,,1,1,2,1,1,2,1,2,1,1,1,2,4,4,1,1,,1,,4,2,1,2,5,1,4,,1,4,3,2,0,0,1,12,8,0,0,0,0,"School, Communication"
276,1,4,4,1,4,4,4,4,4,4,1,,4,4,4,4,4,,1,4,4,4,4,4,4,1,1,1,1,1,1,1,1,1,1,1,1,1,1,0,0,1,11,8,0,0,0,0,School
277,3,1,3,3,3,3,1,3,4,1,1,1,4,1,4,1,4,1,4,4,4,4,4,4,1,,,1,1,1,1,1,1,1,1,1,1,1,1,0,0,0,13,8,0,1,1,1,Other
278,2,1,4,1,4,3,1,4,3,4,4,1,2,1,4,4,3,4,1,4,3,2,4,4,4,2,2,1,1,1,1,1,1,1,1,1,1,1,1,0,0,1,15,8,0,0,0,1,Games
279,3,4,1,4,3,1,2,4,1,2,1,1,4,4,1,4,3,1,1,4,1,2,2,,,,,1,1,1,1,1,1,1,1,1,1,1,1,,,1,15,8,0,0,1,,
280,2,1,2,2,1,2,1,2,1,2,2,2,2,2,1,4,3,1,2,4,1,3,3,4,4,1,4,6,6,7,4,3,5,2,5,5,2,3,2,3,0,1,17,8,0,1,1,0,School
281,2,1,1,2,1,3,1,,1,1,2,1,2,1,2,2,2,2,2,1,2,1,1,1,122,5,,5,1,5,1,4,,1,1,1,,3,1,1,0,1,15,8,0,0,0,0,School
282,1,1,2,1,4,4,3,4,4,3,,3,4,3,4,4,4,4,1,4,4,4,4,4,4,2,1,1,1,1,1,1,1,1,1,1,1,1,1,0,0,1,12,8,0,1,0,0,School
283,4,1,,2,4,1,1,4,3,4,4,2,3,1,4,1,2,1,2,4,4,1,4,4,4,3,2,7,7,2,4,7,1,1,7,1,1,1,2,4,0,1,16,8,0,0,0,0,School
284,1,1,2,1,,1,2,,2,2,1,1,2,1,2,2,1,1,1,2,2,1,2,1,2,1,2,1,1,1,1,1,1,1,2,2,1,1,2,0,0,1,13,8,0,0,0,0,School
285,4,4,1,4,3,4,1,4,4,4,1,1,4,4,4,4,4,1,1,4,1,4,,1,4,2,2,1,4,5,7,1,7,1,1,1,1,1,1,,,1,13,8,0,0,0,0,School
286,3,2,1,4,4,2,3,4,,4,3,2,1,4,4,4,4,2,4,4,2,3,4,3,4,4,4,2,2,6,1,,5,3,5,2,1,6,6,0,5,1,14,8,0,0,0,0,Music
287,2,2,3,3,1,3,1,2,2,3,1,4,4,4,3,4,2,4,1,4,4,4,2,,,,,4,1,4,3,2,5,3,1,3,1,2,4,0,1,,,8,0,0,1,0,Social Media
288,1,1,1,1,1,1,1,1,1,1,2,1,1,1,1,2,2,2,2,2,1,2,2,2,,2,,3,4,4,3,6,4,5,4,6,5,4,3,2,0,1,,8,0,1,0,0,Games
289,1,3,2,1,3,4,1,2,4,2,4,2,1,3,4,2,1,3,3,2,3,4,2,3,2,2,3,6,7,3,5,3,1,7,4,5,2,,6,,,0,14,8,0,0,1,0,"Games, Music"
290,2,3,3,1,2,4,1,3,2,2,1,4,2,4,2,1,2,2,2,2,4,4,1,,,,,2,4,,,1,2,7,1,5,4,6,4,0,0,1,,8,0,0,1,0,Music
291,1,1,2,1,2,3,3,4,2,3,1,1,1,2,4,4,4,4,1,4,4,3,3,4,4,1,3,1,1,1,1,1,1,1,1,1,1,1,1,0,0,0,15,8,0,1,0,1,Other
292,4,2,2,3,2,2,3,3,2,2,2,,4,4,4,1,3,2,2,4,3,4,4,2,4,4,4,3,4,3,6,7,5,7,6,6,6,5,7,0,0,0,13,8,0,0,0,0,"School, Communication"
293,4,4,2,4,1,4,4,4,4,1,1,4,1,4,1,1,4,4,1,4,1,4,4,4,4,4,1,5,5,,6,7,4,1,1,3,1,1,3,11,0,0,15,8,0,0,1,0,Communication
294,4,4,2,4,1,1,4,4,2,1,1,4,4,4,4,4,4,4,2,4,4,4,4,4,4,1,4,1,1,1,1,1,1,1,1,1,1,1,1,0,0,0,13,8,0,1,0,1,Music
295,3,4,4,2,2,4,3,4,3,4,2,4,2,2,2,3,2,2,3,4,2,4,3,3,2,2,3,2,4,5,4,5,3,6,3,2,5,3,5,0,2,0,15,8,0,0,0,0,Communication
296,2,1,3,4,3,4,1,1,2,,,4,3,2,3,2,2,3,3,1,2,4,1,2,4,3,4,1,1,1,1,1,1,1,1,1,1,1,1,0,0,0,15,8,0,1,0,1,"School, Other"
297,4,1,1,2,3,4,1,2,3,4,1,2,3,4,1,4,4,1,1,4,1,4,4,4,4,1,1,7,5,5,1,1,7,1,1,2,4,5,1,5,0,0,14,8,0,1,0,0,School
298,1,2,4,1,2,3,4,3,1,2,2,2,1,2,3,4,2,1,1,4,1,4,1,1,4,4,4,6,1,7,7,7,6,7,4,7,7,6,7,1,9,1,14,8,1,1,0,1,Social Media
299,2,1,3,4,2,2,1,3,4,2,1,1,3,2,3,1,2,4,4,,4,1,3,4,2,4,4,1,7,5,1,5,1,5,5,5,6,6,6,1,12,1,14,8,0,0,1,0,Communication
300,3,2,4,3,1,3,2,4,2,3,1,2,2,3,4,3,2,3,2,3,2,3,3,2,2,2,1,5,5,6,3,6,5,6,4,2,5,4,2,2,6,0,15,8,0,0,0,0,Other
301,2,1,2,4,4,2,3,4,4,3,,,,2,3,3,2,4,1,2,3,3,1,2,3,4,2,6,5,2,4,3,4,7,1,3,,3,6,3,7,0,16,8,0,0,0,0,Other
302,4,1,2,4,4,4,2,3,4,4,1,4,2,4,3,4,2,2,3,4,2,4,4,4,4,2,4,1,1,1,1,1,1,1,1,1,1,1,1,0,0,2,13,8,0,1,1,1,Other
303,4,1,3,2,4,3,2,4,1,1,1,3,2,3,4,3,2,2,1,4,2,2,2,1,2,2,2,1,1,1,1,1,1,1,1,1,1,1,1,0,0,1,13,8,0,1,0,1,Other
304,3,4,4,4,4,4,3,3,3,3,4,4,4,4,4,2,4,1,2,1,2,2,4,3,1,3,1,2,3,4,1,2,1,2,1,1,1,2,1,1,0,1,16,8,0,0,1,0,Music
305,4,1,2,4,4,2,3,4,2,1,3,2,1,2,4,4,2,2,1,4,1,3,1,4,4,3,4,1,3,6,5,2,3,6,6,5,4,2,3,0,0,1,14,8,0,0,1,1,Music
306,1,2,2,3,2,3,2,4,3,1,2,4,3,2,,1,2,2,1,1,4,4,3,4,1,3,3,5,,5,5,4,3,2,1,7,6,5,2,11,,1,13,8,0,0,0,0,Communication
307,4,1,2,4,4,4,2,3,4,4,4,4,4,4,4,4,4,2,1,4,2,4,4,4,4,4,2,5,2,4,3,3,4,5,5,1,1,2,2,,6,,13,8,0,0,1,0,Games
308,2,1,2,3,1,4,1,1,4,4,1,4,4,1,4,4,2,1,3,2,4,3,3,4,3,2,3,5,7,6,4,6,6,2,4,1,3,1,4,1,,0,13,8,0,0,0,0,School
309,4,2,3,2,4,3,3,3,2,4,3,4,2,2,2,3,2,4,3,4,4,3,4,3,4,3,3,5,1,1,1,6,1,1,,6,2,6,4,2,4,0,13,8,0,0,0,0,Communication
310,1,3,4,1,1,3,3,1,3,2,4,2,3,1,2,4,2,4,1,4,4,4,4,1,,4,,1,1,1,1,1,1,1,1,1,1,1,1,,,0,15,8,0,1,0,1,
311,,,,,,,,,,,,,,,,,,,,,,,,,,,,,,,,,,,,,,,,,,0,15,8,0,0,1,0,Games
312,4,3,3,4,2,3,3,4,2,3,2,3,3,3,2,4,1,3,2,4,3,3,3,3,3,2,4,4,3,2,3,4,3,2,2,2,3,2,2,3,1,0,15,8,0,0,0,0,Social Media
313,1,2,3,1,1,2,2,3,4,2,2,3,3,4,3,2,4,3,3,2,4,3,3,4,1,1,2,6,7,5,7,5,6,7,5,5,2,1,3,,,,16,8,0,1,0,1,School
314,1,1,2,1,3,3,1,4,1,3,4,1,3,1,3,3,2,3,4,4,4,4,4,4,4,3,4,1,1,1,1,1,1,1,1,1,1,1,1,,,0,14,8,0,1,1,1,
315,2,2,1,3,1,1,2,,2,1,3,2,3,2,1,1,2,,1,1,2,,2,1,4,,4,3,5,,2,6,2,4,3,4,3,3,3,,,1,16,8,0,0,0,0,Games
316,3,4,2,1,2,1,2,1,1,2,1,4,4,4,1,1,,4,1,4,1,4,4,4,4,2,4,1,1,1,2,1,2,1,1,1,2,1,1,,,0,14,8,0,0,1,0,Communication
317,4,3,4,3,4,3,1,4,1,4,4,3,2,4,4,4,3,2,1,4,1,4,4,4,4,2,2,5,3,1,1,3,1,1,1,1,1,1,1,,,1,13,8,0,0,1,0,School
318,4,2,1,4,1,2,2,3,2,2,1,4,3,3,2,4,2,4,1,4,3,4,4,3,4,3,3,6,4,5,2,4,5,2,2,2,1,2,4,,,1,12,8,0,0,0,0,Communication
319,4,2,1,3,1,4,2,1,2,2,4,2,4,1,2,2,3,4,1,4,2,3,4,4,4,2,2,1,1,1,1,1,1,1,1,1,1,1,1,,,1,14,8,0,1,0,1,School
320,4,4,3,4,4,3,4,2,2,2,1,2,1,2,1,4,4,3,3,4,2,4,4,4,3,3,3,1,1,1,1,1,1,1,1,1,1,1,1,1,0,1,15,8,0,1,0,1,
321,1,3,4,1,1,2,1,3,1,4,1,2,4,2,4,1,4,3,4,4,1,4,3,1,4,3,2,4,1,6,,7,,5,1,2,4,6,4,7,0,0,15,8,0,1,1,1,Social Media
322,1,1,3,4,1,2,1,,3,4,1,2,4,3,1,4,2,4,1,3,3,1,4,4,4,3,2,1,1,1,1,4,2,,3,5,6,3,6,0,1,1,11,8,0,0,0,0,Games
323,4,2,3,4,3,2,1,4,3,1,1,4,2,3,2,4,3,3,4,4,3,2,4,3,3,4,2,1,3,3,4,5,7,3,1,1,2,4,4,,,1,15,8,0,0,0,0,School
324,2,1,2,1,2,2,1,1,2,1,1,1,1,1,2,1,2,1,2,1,1,1,1,2,1,2,2,1,1,1,3,1,1,1,2,1,1,2,3,0,1,0,15,8,0,0,0,0,Games
325,3,1,1,3,1,4,,1,1,1,1,3,1,1,1,3,1,1,1,3,1,4,1,,,,,1,1,1,6,3,1,1,1,5,1,1,1,0,1,0,13,8,0,0,0,0,School
326,2,1,4,4,4,2,3,3,3,3,4,1,2,2,1,3,2,1,3,1,2,4,4,,,,,6,5,1,4,6,5,,5,4,7,6,7,,,0,10,8,0,0,1,1,Communication
327,1,2,4,1,1,2,3,4,1,4,3,2,3,4,1,4,3,2,2,4,3,4,4,1,4,2,4,4,5,1,4,7,1,6,3,6,7,3,4,11,10,0,13,8,0,0,0,0,Games
328,3,3,4,2,3,3,4,3,3,3,3,3,3,2,2,1,4,1,4,1,4,3,4,4,4,4,1,1,2,1,1,1,4,1,2,1,1,3,7,0,0,1,12,8,0,0,1,1,Other
329,4,1,4,3,1,4,1,1,2,,1,3,2,1,1,3,4,3,3,2,1,1,3,3,3,2,1,1,5,7,7,4,5,1,6,4,4,6,7,2,0,1,12,8,0,0,0,1,Music
330,2,3,3,1,1,1,3,1,3,2,1,1,1,2,,,,1,2,1,4,1,3,1,2,3,1,5,3,6,4,4,1,,1,4,,5,5,15,0,0,16,8,1,1,0,0,"Communication, Games"
331,4,3,4,2,3,3,4,2,3,4,4,1,2,4,1,3,2,4,2,4,3,4,4,4,4,3,3,5,2,5,7,4,6,1,3,4,5,6,7,2,4,0,15,8,0,0,0,0,Social Media
332,4,3,1,4,,3,4,2,2,1,1,3,4,2,4,2,2,4,1,4,2,2,4,3,4,1,2,1,1,1,1,1,1,1,1,1,1,1,1,0,0,1,14,8,0,,1,,
333,2,3,,2,4,1,3,1,4,3,1,3,4,3,2,4,2,1,3,3,2,3,4,4,2,3,3,4,6,7,1,4,6,6,6,64,2,2,4,,,0,11,8,0,1,0,1,Games
334,4,2,4,4,2,4,1,2,1,2,1,2,1,2,2,2,2,4,1,3,1,3,3,2,1,2,2,1,1,2,2,,2,1,2,2,2,2,2,,,1,13,8,0,0,0,1,Games
335,4,2,1,4,2,4,1,1,2,3,1,1,2,3,1,1,4,3,1,4,2,4,4,1,3,1,2,1,1,1,1,1,1,1,1,1,1,1,1,0,0,1,13,8,0,1,0,1,School
336,2,1,2,4,1,3,1,1,1,3,1,2,1,3,1,4,3,4,1,3,1,4,4,1,2,3,2,1,1,,3,4,3,5,2,3,4,2,3,0,2,1,12,8,0,1,0,0,Games
337,2,4,4,2,2,1,2,4,2,1,1,,3,4,2,3,4,4,3,1,1,4,1,4,4,2,1,1,4,5,4,4,1,1,1,13,3,2,1,1,2,0,16,8,0,1,0,0,Games
338,4,2,1,3,,1,3,,3,,1,3,4,4,2,2,2,1,1,3,3,4,4,3,4,1,3,7,4,3,1,4,1,7,4,6,5,,2,0,0,1,14,8,0,0,0,0,Games
339,3,3,3,4,3,4,2,3,3,4,1,2,2,4,2,4,2,3,3,4,4,4,4,2,4,2,2,1,1,1,15,6,1,1,1,3,1,1,1,0,1,1,13,8,0,0,1,0,Games
340,4,4,3,4,2,4,3,1,2,4,1,3,2,3,4,4,3,4,1,4,4,3,4,4,4,4,3,1,1,1,1,1,1,1,1,1,1,1,1,,,1,13,8,0,1,0,1,Social Media
341,3,4,4,4,2,1,1,4,1,2,4,3,1,3,3,3,1,1,3,4,2,2,4,4,,1,,5,4,5,6,5,3,3,2,7,1,7,7,,,,14,8,0,0,0,0,School
342,4,2,4,4,4,1,3,4,1,2,3,4,2,1,4,4,4,3,3,3,4,1,2,3,4,2,4,4,1,1,4,3,1,1,6,3,1,1,1,0,1,1,15,8,0,0,0,1,Games
343,4,4,1,4,1,,4,4,4,4,1,4,1,4,4,4,1,4,1,4,1,1,4,1,1,4,1,1,1,1,1,1,1,1,1,1,1,1,1,,,1,13,8,0,1,1,1,Music
344,4,2,1,2,4,4,1,2,4,1,4,1,1,4,4,2,4,1,1,4,3,1,3,2,4,4,4,2,4,2,7,7,7,7,7,6,,1,7,,,1,13,8,0,1,0,0,School
345,4,4,1,4,2,4,3,1,4,1,2,4,1,4,2,4,1,2,3,1,4,1,4,1,4,2,4,1,1,1,1,1,1,1,1,1,1,1,1,,,1,14,8,0,0,0,1,Music
346,3,3,2,4,2,2,2,4,4,4,1,1,1,3,4,4,3,4,1,4,4,4,4,1,4,3,3,2,1,1,2,5,2,2,7,4,6,7,5,3,0,1,12,8,0,0,0,0,Other
347,1,4,2,3,4,3,3,4,4,4,1,1,1,3,1,4,3,4,3,4,3,2,2,3,4,4,4,1,1,1,1,2,4,4,3,5,6,1,5,0,1,1,11,8,0,0,0,0,Communication
348,1,3,4,1,2,4,3,2,1,4,3,1,3,2,4,2,2,1,3,4,1,3,4,2,2,4,3,3,7,4,2,1,4,3,6,5,5,3,4,,,,15,8,0,0,1,0,"School, Communication, Games, Social Media, Music, Other"
349,4,4,3,3,2,3,4,3,4,1,1,4,4,2,1,4,4,3,3,4,1,3,2,4,4,2,4,7,7,6,5,2,7,5,4,,6,2,4,1,0,0,14,8,0,0,0,0,School
350,4,4,2,4,4,4,3,4,1,4,4,3,1,1,4,4,1,4,4,4,4,4,4,4,4,2,4,7,5,6,6,7,6,,3,5,7,7,3,1,6,1,13,8,0,0,1,0,Communication
351,1,1,1,1,1,1,1,1,1,1,1,1,1,1,1,1,1,1,1,1,1,1,1,1,1,1,1,1,5,1,3,3,2,,1,3,2,3,5,0,1,1,19,8,0,1,0,0,Music
352,1,4,1,4,1,4,1,1,1,1,1,1,4,4,1,4,4,4,1,4,1,4,4,4,4,4,4,1,1,1,1,1,1,1,1,1,1,1,1,,,1,15,8,0,1,0,1,School
353,4,4,3,4,2,2,1,4,4,2,1,4,1,1,4,1,2,2,2,4,2,4,4,4,2,2,2,2,6,6,6,6,6,6,6,6,6,6,6,,,1,14,8,0,0,0,0,Games
354,2,2,2,2,2,2,2,2,2,2,2,2,4,2,3,2,2,3,3,2,2,1,2,,,,,1,1,1,1,1,1,1,1,1,1,1,1,,,1,14,8,0,1,1,0,"Communication, Social Media, Other"
355,3,4,,3,,4,1,3,4,1,1,3,4,,,4,1,3,2,4,2,4,4,3,4,1,2,5,3,5,,,,4,,,,,,8,,2,16,8,0,0,1,0,"School, Games, Music"
356,3,1,3,3,1,3,2,3,1,3,2,2,3,2,1,3,2,1,1,3,2,3,3,3,3,,2,3,,,6,,7,1,1,2,3,1,4,1,,1,13,8,0,0,0,1,School
357,4,2,3,4,2,1,2,4,3,2,1,2,1,3,3,2,1,4,4,2,4,4,1,4,2,2,,4,2,,7,3,2,5,3,2,3,4,1,10,4,0,,8,0,0,0,0,Games
358,4,2,1,4,3,4,4,4,1,4,4,1,1,4,4,4,4,4,4,4,1,4,4,4,4,1,1,1,3,5,4,4,1,1,1,2,,1,1,,2,1,12,8,0,0,0,1,Communication
359,4,2,1,4,4,4,4,3,4,3,4,3,2,3,4,1,4,1,4,1,4,4,1,4,1,2,4,3,4,2,,2,2,3,4,3,5,5,1,,,2,13,8,0,0,0,0,Games
360,4,2,1,1,2,4,4,2,4,1,1,4,2,4,25,1,4,4,1,4,4,1,4,4,4,2,1,2,2,2,1,3,2,2,1,1,1,1,2,1,,1,14,8,0,1,0,0,Communication
361,2,1,,1,,,1,2,4,1,1,3,4,1,2,1,2,3,1,1,2,1,4,1,1,2,2,2,1,1,2,7,3,1,1,3,2,1,2,,,1,16,8,0,1,1,1,Games
362,4,4,1,2,,1,,1,1,4,4,1,1,4,4,4,2,1,1,2,2,2,1,2,2,2,2,6,5,5,1,4,5,1,1,3,1,5,1,,3,1,18,8,0,0,1,0,Games
363,3,3,3,3,3,3,3,3,3,3,3,3,3,3,3,3,3,3,3,3,3,3,3,3,3,3,3,3,3,1,6,,7,4,3,4,2,1,3,3,10,0,15,8,0,0,0,0,Social Media
364,3,2,4,4,1,4,2,2,3,4,1,1,1,2,2,4,2,4,1,4,4,3,4,4,2,2,3,3,5,2,7,6,5,5,3,5,4,5,5,,,0,14,8,0,0,0,0,Social Media
365,4,2,1,4,2,3,4,3,1,2,3,1,1,2,4,2,1,3,2,4,4,2,1,1,2,4,2,1,1,4,1,1,5,1,2,6,1,7,1,,1,0,13,8,0,0,0,0,Music
366,1,2,1,4,2,3,1,3,4,3,2,1,3,3,2,2,4,3,3,1,2,1,3,2,2,3,3,1,4,3,6,7,2,7,5,6,3,5,1,1,6,1,14,8,0,0,0,0,Music
367,1,2,,1,4,,1,4,1,1,1,3,3,,,1,4,3,3,1,2,1,3,2,2,3,3,1,4,3,,5,2,6,5,6,3,5,1,1,6,1,15,8,0,0,0,0,Music
368,4,3,2,3,2,3,1,4,4,4,1,4,4,3,4,4,4,3,2,4,3,4,4,3,4,3,2,1,1,1,1,1,1,1,1,1,1,1,1,,,0,14,8,0,1,1,1,School
369,3,4,2,1,3,4,1,3,2,4,1,3,3,3,3,3,4,2,2,1,4,4,1,3,3,2,2,6,7,5,4,3,2,5,7,4,1,4,5,3,3,0,20,8,0,0,1,0,Games
370,4,2,3,2,3,4,2,2,2,4,3,3,4,3,3,3,2,4,2,3,2,3,2,2,3,4,4,7,3,4,6,7,4,5,3,5,4,5,5,,,0,13,8,0,0,0,0,Games
371,3,1,,1,,,,,,,,,,,,,,,,,,,,,1,,1,,,,,,,,,,,,,,,0,14,8,0,1,1,1,"School, Communication, Social Media, Music"
372,4,2,1,4,4,4,2,3,4,4,1,2,2,3,4,4,3,3,1,4,1,4,4,2,4,2,4,2,4,4,6,7,1,2,1,1,3,1,1,2,,0,12,8,1,0,0,0,Music
373,1,2,,3,1,4,4,4,1,2,4,4,4,4,3,3,2,2,3,4,1,3,4,2,4,1,1,3,6,4,1,6,4,4,1,5,1,3,1,2,1,1,14,8,0,0,1,0,Music
374,1,4,1,4,3,1,3,3,3,2,1,3,4,1,3,4,2,2,2,4,4,4,3,,,,,3,6,3,4,5,2,1,2,1,2,7,3,3,,1,17,8,0,0,0,0,Music
375,1,3,1,4,3,3,3,4,3,2,3,3,3,2,,2,2,3,3,1,3,1,1,,,,,1,4,3,4,5,5,6,4,3,5,4,2,,,,13,8,0,0,1,1,Social Media
376,3,3,,3,1,3,3,3,,3,1,1,3,,3,3,1,1,1,3,2,3,1,3,3,4,1,1,4,3,3,4,3,4,5,6,5,4,1,,,1,14,8,0,0,0,0,Games
377,2,1,3,4,2,2,1,4,2,3,4,3,3,4,2,2,2,3,3,4,2,3,4,2,4,2,3,1,1,1,1,1,1,1,1,1,1,1,1,,,1,13,8,0,1,0,1,Other
378,4,4,1,4,4,4,4,4,1,4,4,4,4,4,4,4,4,4,4,4,1,4,1,4,2,3,1,1,1,1,1,1,1,1,1,1,1,1,1,,,1,15,8,0,0,1,1,School
379,4,4,4,4,3,3,1,4,3,2,1,3,1,4,3,3,3,2,3,2,1,4,2,4,4,3,4,1,1,1,1,1,1,1,1,1,1,1,1,,,2,14,8,0,1,1,,Other
380,2,2,2,2,2,2,2,,,2,2,,2,1,3,2,2,3,4,3,3,4,2,3,3,2,4,7,7,7,7,7,5,,3,5,5,6,7,,,0,13,8,0,0,1,1,Communication
381,2,1,2,4,,2,3,1,1,2,1,4,4,4,1,1,2,1,4,4,4,4,4,3,2,2,7,5,7,7,7,5,1,3,4,5,25,1,5,,1,1,13,8,0,0,0,0,Social Media
382,1,1,3,2,4,4,3,2,2,4,1,1,3,1,4,4,2,1,1,4,1,1,4,1,4,1,1,5,3,4,7,5,5,,4,1,1,4,3,,,1,14,8,0,0,1,0,Music
383,2,2,2,2,2,1,2,3,3,2,1,2,2,1,3,2,2,3,4,3,3,4,2,3,2,2,4,7,7,7,7,7,6,5,2,4,2,4,7,,,0,15,8,0,0,1,1,Communication
384,2,3,2,2,3,3,2,1,3,2,2,3,3,3,1,3,3,2,2,3,1,3,1,2,3,1,3,4,6,6,4,3,3,5,,4,2,,2,14,7,0,15,8,0,0,0,0,Social Media
385,3,4,4,4,2,3,3,3,4,3,3,2,4,3,3,3,2,2,3,3,4,4,3,3,4,4,4,5,7,4,7,5,6,6,4,6,3,5,6,13,1,1,16,8,0,0,0,0,Music
386,1,2,1,1,2,3,4,2,1,1,2,3,3,2,2,3,1,3,2,3,3,4,4,1,1,,2,,,,1,,1,2,2,3,2,2,2,,,0,16,8,0,0,0,1,Communication
387,4,4,4,4,4,4,1,4,4,4,4,4,4,1,4,4,4,2,4,4,4,4,4,4,4,3,3,6,6,5,7,5,6,5,5,7,5,4,5,5,,0,17,8,0,0,0,0,School
388,4,1,2,4,4,1,2,4,1,4,1,4,4,2,1,4,1,4,3,4,1,2,4,1,4,1,2,2,1,1,1,,1,1,1,1,5,1,1,,2,,14,8,0,0,0,0,Music
389,,,,,,,,,,,,,,,,,,,,,,,,1,3,4,2,,3,5,6,2,7,7,7,7,7,7,7,,,0,15,8,0,0,0,1,Communication
390,4,2,2,4,1,2,1,2,2,3,1,4,4,2,4,3,3,3,2,2,4,2,4,3,3,3,2,1,1,1,2,3,2,1,1,1,1,1,1,2,6,0,14,8,0,0,0,0,Communication
391,2,2,1,3,4,4,4,3,4,3,1,4,1,4,4,2,4,1,3,1,4,4,4,4,2,4,1,1,1,1,1,1,1,1,1,1,1,1,1,,,0,13,8,0,1,0,1,Other
392,4,2,2,4,3,2,3,3,2,4,1,4,3,2,2,4,1,4,1,4,1,1,2,1,4,1,2,1,1,1,1,1,1,1,1,1,1,1,1,,,0,12,8,0,1,0,1, Other
393,2,3,1,3,2,3,2,1,2,2,4,4,4,3,2,4,1,3,3,2,3,1,3,3,3,2,2,5,,4,2,6,3,3,1,3,4,1,2,4,,1,14,8,0,0,0,0,School
394,4,4,2,2,1,3,1,3,2,1,1,2,1,2,3,2,3,1,2,3,1,1,2,3,3,2,2,2,2,1,1,3,1,1,2,2,1,1,1,0,2,2,12,8,0,0,0,0,Music
395,4,3,3,2,3,2,1,4,3,2,3,4,3,1,2,3,3,3,1,2,4,1,4,3,1,2,4,7,6,6,5,3,2,1,7,6,6,5,3,,,1,13,8,0,1,0,1,School
396,1,1,1,1,1,1,1,1,1,1,1,1,1,1,,1,1,1,1,1,1,1,1,1,2,1,1,3,5,2,1,1,1,1,1,1,1,1,1,0,0,1,14,8,0,0,0,0,Music
397,1,2,1,1,1,2,1,1,2,3,2,1,1,1,1,1,1,3,1,1,1,1,1,1,2,1,1,1,1,1,1,1,1,1,1,1,1,1,1,0,0,1,16,8,0,1,0,0,Music
398,1,2,4,1,3,4,1,2,1,3,2,1,3,1,2,2,3,1,3,1,1,2,2,2,1,2,1,3,2,4,1,6,5,1,5,5,2,1,2,,,1,14,8,0,,1,0,Music
399,4,4,2,3,2,1,2,3,2,4,4,4,3,2,3,4,2,3,2,3,3,4,4,,,,,7,7,7,7,7,7,7,7,7,7,7,7,7,11,1,15,8,0,1,1,0,Music
400,4,1,2,4,,1,1,1,1,3,1,3,2,1,1,3,1,4,1,2,2,3,4,1,4,1,4,1,1,1,1,1,1,1,1,1,1,1,1,0,0,1,12,8,0,0,0,0,School
401,1,4,1,3,1,1,2,1,4,1,4,2,3,1,2,1,3,4,2,1,4,1,1,2,1,2,1,1,1,1,1,1,1,1,1,1,1,1,1,0,0,2,14,8,0,0,0,0,Games
402,,1,2,2,4,1,1,3,4,3,1,2,2,3,4,1,2,2,1,4,3,1,1,2,2,3,1,1,2,,5,4,,1,1,2,1,3,3,0,3,1,15,8,0,0,1,1,Music
403,1,4,1,4,3,3,1,4,4,4,4,2,3,2,4,4,4,3,3,4,3,4,4,1,4,2,4,1,1,1,6,1,5,1,1,1,1,2,3,0,0,1,15,8,0,0,0,0,Music
404,4,1,1,4,4,4,1,,3,4,1,1,4,1,4,4,3,4,1,4,1,4,4,1,4,3,4,4,5,3,1,6,2,1,1,2,1,7,3,0,7,0,12,8,0,0,0,0,Games
405,4,2,3,4,1,4,4,4,1,4,4,1,1,1,4,4,4,1,1,1,4,1,4,4,4,4,1,1,1,1,1,1,1,1,1,1,1,1,1,0,0,1,12,8,0,1,1,0,Other
406,3,2,4,4,,3,2,,4,3,4,3,,1,3,4,3,4,2,4,2,4,2,,,,,3,7,7,,6,4,6,2,2,2,3,2,0,2,1,15,8,0,0,0,0,Music
407,1,3,1,4,1,1,,2,1,1,4,2,3,1,2,1,2,2,1,3,4,4,2,2,4,1,3,5,6,3,4,5,5,2,4,3,6,7,4,,,1,,8,1,1,0,0,Social Media
408,4,3,4,4,2,4,2,4,2,3,1,2,4,3,2,4,3,4,2,4,3,4,4,2,1,1,2,3,1,1,2,4,3,4,1,1,1,,1,0,6,1,13,8,0,0,0,0,Social Media
409,2,1,1,1,,1,1,2,1,1,3,2,3,1,3,1,1,1,1,1,1,1,1,,,,,1,1,1,1,1,1,1,1,1,1,1,1,0,0,1,15,8,0,1,0,1,School
410,4,1,1,4,4,4,4,4,4,4,1,1,1,4,4,4,4,4,1,4,1,2,4,4,4,2,2,4,3,5,1,,1,,4,4,1,,5,1,3,1,13,8,0,0,1,0,School
411,4,4,4,4,4,4,1,4,4,1,4,1,4,4,3,,4,1,1,4,1,4,4,4,4,1,4,3,4,4,3,6,1,4,4,1,1,4,1,1,,0,12,8,0,0,0,0,Games
412,4,1,1,4,1,3,3,3,4,4,1,3,4,2,2,1,4,1,1,4,2,4,2,,,,,2,7,,3,7,5,7,3,1,1,5,1,3,6,,14,8,0,0,1,0,Communication
413,4,2,4,3,4,3,4,3,1,2,2,4,4,4,1,4,2,4,1,4,1,3,2,3,4,3,,1,1,1,1,1,1,1,1,1,1,1,1,0,0,0,14,8,0,1,0,1,
414,4,4,4,4,1,4,2,4,4,4,1,4,3,4,4,4,4,4,2,4,2,2,4,4,4,4,1,1,1,1,1,1,1,2,1,1,1,1,1,0,0,0,13,8,0,0,0,0,Communication
415,1,2,2,3,,4,2,2,3,3,1,3,2,1,2,4,1,4,1,4,2,1,4,2,4,2,1,1,1,1,2,3,1,1,3,1,1,2,1,0,0,1,13,8,0,0,0,0,School
416,2,1,4,4,4,4,3,4,3,4,2,3,1,3,4,4,4,1,4,3,2,4,4,4,3,1,4,4,1,1,1,4,1,1,5,4,2,3,6,,4,1,13,8,0,0,0,0,Games
417,4,2,2,,3,2,1,4,,,,4,4,1,,4,,1,,4,3,4,4,,,,,,1,1,1,7,7,,,,,,,,,1,13,0,0,0,0,0,Music
418,4,2,4,4,2,3,4,4,4,4,1,4,3,3,3,4,3,4,2,4,2,4,4,3,4,4,3,2,5,3,3,5,2,1,2,1,2,3,2,0,5,1,13,8,0,0,0,0,Games
419,4,2,1,2,3,4,2,3,2,4,1,2,1,1,2,2,3,1,2,3,3,4,1,4,2,2,3,4,3,5,4,1,3,3,4,3,4,5,4,0,0,0,12,8,0,0,0,0,Games
420,1,2,4,1,4,1,2,3,4,1,4,3,2,3,1,4,2,2,4,3,1,4,4,3,2,2,4,1,1,1,1,1,1,1,1,1,1,1,1,0,0,0,13,8,0,0,0,1,Communication
421,1,3,4,3,1,1,4,4,1,3,1,1,1,3,3,4,2,4,2,4,3,4,4,4,4,4,4,1,1,1,1,1,1,1,1,1,1,1,1,0,0,1,13,8,0,1,0,1,
422,1,2,3,4,2,1,2,4,4,4,3,3,4,4,3,3,3,2,3,,,3,3,,3,3,4,7,4,,6,7,,5,3,3,3,7,1,0,8,0,15,8,0,0,1,0,Games
423,4,2,2,4,1,3,2,4,3,3,1,3,2,3,4,2,4,4,1,3,2,3,4,,1,1,3,1,5,5,,4,,5,6,1,3,4,5,0,3,1,15,8,0,0,0,1,Music
424,3,2,4,4,1,3,1,4,4,4,4,4,3,1,2,4,3,4,1,4,2,2,4,4,4,2,2,1,1,1,1,1,1,,1,1,1,1,1,0,0,1,13,8,0,1,0,1,School
425,4,4,3,4,2,4,1,4,2,1,1,1,4,1,4,2,4,4,4,4,2,4,4,4,4,4,3,1,1,1,1,1,1,1,1,1,1,1,1,0,0,1,16,9,0,0,0,0,Other
426,4,4,1,4,1,1,1,4,2,4,1,4,4,4,4,4,4,4,4,4,4,1,2,3,3,4,4,5,1,1,1,1,1,1,1,1,1,1,1,3,7,1,15,9,0,0,0,0,School
427,1,1,1,1,1,1,1,1,1,1,,1,1,1,,,,,,4,,1,4,1,4,1,1,1,1,1,1,1,1,1,,,1,1,1,,,,,9,0,0,0,0,School
428,1,2,1,1,1,1,1,1,4,,,1,4,2,2,4,4,3,2,3,2,3,3,3,1,4,2,2,1,1,7,2,5,2,1,3,1,1,2,5,,0,15,9,0,0,1,0,Music
429,4,4,2,1,4,2,4,1,4,4,4,1,3,4,3,2,2,1,2,4,4,4,4,4,4,4,4,1,1,1,1,1,1,1,1,1,1,1,1,,,1,16,9,0,0,1,0,Music
430,4,4,2,3,2,4,4,2,2,4,1,1,1,4,1,3,,1,1,4,1,2,2,4,2,2,2,6,5,6,7,7,3,2,2,2,4,6,4,1,,1,13,9,0,0,1,0,Communication
431,1,1,4,4,3,2,1,3,3,1,1,3,4,1,4,4,1,3,3,2,1,4,2,3,4,4,4,5,3,3,2,,5,4,5,3,3,7,5,15,,,,9,,,,,
432,4,2,1,1,4,4,2,1,1,4,4,4,1,4,4,4,1,4,1,4,1,4,4,1,4,1,4,6,6,7,6,7,6,2,,2,2,3,2,4,0,1,14,9,0,1,0,1,Social Media
433,4,3,4,4,1,4,3,4,2,4,4,1,3,4,1,4,1,1,1,4,3,4,1,4,1,3,4,,3,6,7,4,7,4,7,6,3,7,1,1,0,1,15,9,0,0,0,1,communication
434,1,2,3,4,1,2,2,1,1,2,1,3,2,1,4,1,2,3,1,2,3,3,2,1,3,3,2,5,6,4,2,5,6,6,5,4,1,3,2,1,6,1,15,9,0,0,0,0,communication
435,1,4,1,1,4,4,1,1,1,2,2,1,4,1,4,4,3,3,1,4,1,4,1,4,4,1,1,4,6,6,4,6,3,3,2,4,2,5,2,,,1,15,9,0,0,0,0,music
436,4,4,4,4,2,3,1,4,1,4,4,3,1,1,4,2,3,3,1,4,1,2,4,2,2,2,2,2,2,4,5,,6,2,3,2,1,4,5,0,10,1,14,9,0,0,1,0,music
437,4,3,4,4,4,3,4,4,1,4,4,4,4,4,4,2,3,4,1,1,3,1,4,4,4,4,4,4,4,6,2,1,4,3,2,4,2,4,5,,,1,17,9,0,0,0,0,communication
438,4,1,1,1,1,4,1,4,1,1,2,4,1,4,1,4,2,1,4,4,4,4,4,4,4,2,2,2,,,2,2,,2,2,3,2,2,2,,,1,16,9,0,0,1,0,games
439,3,2,2,3,3,2,3,2,2,1,4,2,1,2,3,3,2,2,1,3,2,3,2,2,1,2,3,3,7,2,6,5,6,6,5,4,1,7,3,12,,1,15,9,0,1,0,1,school
440,1,4,2,4,3,2,1,2,3,,1,2,4,1,3,4,3,2,1,3,2,4,4,1,3,4,1,5,,3,4,3,5,5,5,7,7,6,7,,,,,9,0,0,1,0,communication
441,3,1,2,4,1,2,1,1,1,4,1,4,4,3,3,4,2,4,1,4,1,2,4,1,4,2,3,4,2,4,5,3,2,2,1,2,3,1,3,0,3,1,12,9,0,0,0,0,school
442,2,1,4,1,2,4,4,3,4,3,1,1,2,2,4,1,4,4,4,3,2,1,4,4,4,1,3,3,5,5,1,3,1,1,4,1,1,5,6,0,3,1,15,9,0,0,0,0,communication
443,4,3,4,3,4,4,4,4,2,4,1,4,1,3,3,4,3,4,3,4,4,1,4,4,3,1,2,2,3,4,2,1,6,,4,2,1,3,2,,,1,16,9,0,0,1,0,school
444,4,4,4,4,1,4,4,4,4,4,4,4,4,4,4,4,4,4,1,4,4,4,4,4,4,4,4,1,1,1,1,7,1,1,1,1,1,1,1,0,0,1,15,9,0,0,0,1,communication
445,4,3,1,4,4,4,2,1,4,4,1,4,2,4,4,4,4,4,4,4,1,4,4,4,4,4,2,7,7,7,7,3,6,,4,1,1,5,,0,4,1,14,9,0,1,0,0,school
446,4,4,4,4,4,3,2,1,4,3,2,4,1,4,4,4,4,3,4,4,2,4,4,4,4,4,4,4,6,7,4,7,6,3,4,7,4,1,5,2,,1,15,9,0,0,0,0,"school,social media"
447,4,4,3,4,4,3,2,4,4,2,4,1,3,3,1,4,2,3,1,4,1,4,4,2,4,1,4,2,7,5,7,4,3,1,4,5,5,5,3,0,0,1,15,9,0,0,1,0,music
448,4,1,1,1,4,,3,,1,1,4,,4,1,1,4,3,4,4,4,1,2,3,1,3,1,4,1,1,1,1,,5,7,7,1,6,1,,0,0,1,14,9,0,1,0,1,Social Media
449,4,1,2,4,,,4,1,1,4,3,,2,4,1,4,1,1,1,4,2,3,4,1,4,1,2,3,6,6,5,2,7,1,1,1,2,7,3,1,3,0,15,9,0,0,1,0,communication
450,2,4,4,4,1,1,4,4,1,4,4,2,4,4,4,3,3,4,1,4,2,3,4,2,4,3,4,3,1,1,6,6,7,5,5,,6,6,6,3,0,0,13,9,0,0,0,0,Social Media
451,4,2,4,4,3,1,2,4,2,1,4,3,1,4,1,4,3,4,4,4,2,2,4,4,4,4,4,4,6,6,7,6,5,4,,,1,7,4,10,7,0,16,9,0,0,0,0,communication
452,1,1,1,1,1,1,1,1,1,1,1,1,1,1,4,1,1,1,1,1,1,1,1,1,1,1,1,3,7,2,7,2,7,2,2,1,2,2,4,10,5,0,16,9,0,0,0,0,communication
453,4,2,1,4,3,4,4,2,4,4,1,3,4,4,4,2,,1,1,4,4,1,4,4,4,3,1,5,4,6,1,2,6,1,6,7,6,6,3,0,0,1,16,9,0,1,1,0,school
454,2,1,3,4,1,4,1,1,1,4,3,4,2,4,4,2,4,1,1,2,1,4,4,4,3,1,3,5,6,5,5,2,4,2,4,1,1,2,1,4,0,0,15,9,0,1,0,0,Social Media
455,4,4,1,4,1,4,4,1,1,4,1,4,1,4,4,2,3,4,1,4,4,4,4,2,4,1,4,1,3,3,1,3,1,1,1,,5,3,3,0,1,1,15,9,0,0,0,0,games
456,3,4,2,4,1,4,2,3,4,3,1,3,2,3,3,4,3,4,1,4,3,4,4,3,4,3,3,1,1,1,1,1,1,1,1,1,1,1,1,0,0,0,13,9,0,1,0,1,
457,3,3,1,4,1,4,2,2,4,4,4,4,1,3,,4,2,1,4,4,1,4,4,4,4,1,2,2,4,1,5,7,4,1,1,3,5,7,1,5,0,0,13,9,0,0,1,0,games
458,4,4,2,4,4,3,2,4,2,,2,4,3,4,2,4,3,4,2,4,3,3,4,4,4,3,1,1,1,1,1,1,1,1,1,1,1,1,1,,,1,,9,0,1,1,0,
459,4,2,3,4,3,4,4,4,3,4,4,4,3,4,4,2,4,3,2,4,4,2,4,2,4,4,2,1,1,1,1,1,1,1,1,1,1,1,1,,,1,,9,0,1,0,1,
460,4,4,1,4,1,4,2,4,4,4,2,3,1,2,1,4,2,1,1,4,1,2,2,4,4,2,1,3,3,4,2,2,2,1,3,2,1,3,2,5,10,1,16,9,0,0,0,0,music
461,4,1,1,4,,1,2,3,2,4,2,4,1,4,2,2,2,3,2,3,1,4,4,1,4,3,3,7,4,1,1,5,1,4,7,1,1,5,7,,,1,15,9,0,0,0,0,school
462,2,3,3,4,3,3,2,4,2,3,1,1,1,2,2,4,4,4,1,4,3,4,2,4,4,2,4,4,6,6,6,3,6,5,3,5,3,5,2,4,6,5,3,9,0,0,0,0,school
463,3,2,4,4,4,4,1,4,1,4,1,2,1,4,2,1,3,3,4,4,3,2,4,2,4,2,3,3,3,4,3,4,4,3,4,5,3,5,3,0,5,1,16,9,0,0,1,0,music
464,3,2,1,3,4,4,1,4,1,1,1,4,1,4,4,2,2,2,1,3,1,4,4,2,4,2,3,4,5,6,3,2,2,2,3,1,1,1,2,5,6,1,15,9,0,0,0,1,music
465,4,1,2,4,4,1,4,2,1,4,4,4,1,4,3,4,1,2,,4,2,4,4,3,2,1,1,6,4,3,6,2,6,2,3,2,2,3,2,,,0,16,9,,1,0,0,music
466,4,4,4,4,4,4,4,3,,2,4,2,4,1,4,2,4,4,1,4,3,4,4,2,4,3,34,7,5,5,6,6,6,4,2,,4,2,4,3,,0,16,9,0,0,0,0,school
467,1,3,2,3,1,2,2,3,3,4,4,3,4,2,1,3,2,3,3,1,2,2,2,3,1,2,1,2,2,5,5,6,2,3,2,3,1,2,3,,,0,16,9,0,0,1,1,communication
468,4,2,4,4,4,1,2,4,4,1,2,4,2,1,1,3,3,3,1,4,4,4,4,4,1,3,4,1,1,1,1,1,1,1,1,1,1,1,1,,2,1,14,9,0,0,0,0,School
469,4,4,4,4,3,3,4,4,3,2,1,4,3,4,4,4,3,4,2,3,3,4,2,4,3,1,4,2,3,2,3,4,6,2,1,1,1,1,1,,5,1,16,9,0,0,0,0,School
470,4,2,4,4,1,1,4,4,1,4,1,4,1,1,4,4,1,4,1,4,1,4,1,1,4,4,4,4,4,3,2,2,2,1,1,1,1,2,3,1,4,1,14,9,0,1,0,0,Games
471,2,2,1,2,3,1,2,2,1,2,1,2,1,2,2,3,2,1,1,4,2,1,4,4,4,2,2,2,3,5,3,3,4,1,2,1,1,5,1,,2,1,16,9,0,0,0,0,Games
472,4,2,1,3,2,4,4,2,2,3,4,1,2,2,3,4,2,4,1,4,1,4,1,2,1,1,1,4,4,5,1,5,1,6,3,2,1,4,5,4,,1,16,9,0,0,1,0,music
473,2,2,3,3,,2,3,3,3,2,1,3,1,2,2,4,3,4,3,3,2,4,3,4,4,3,4,1,1,1,1,1,1,1,1,1,1,1,1,,,,,9,0,,0,,
474,1,1,1,4,1,1,1,1,1,2,4,1,3,2,4,3,3,3,1,3,2,4,2,1,1,4,1,1,1,1,1,1,1,1,1,1,1,1,1,,,1,15,9,0,0,0,1,Games
475,3,4,4,4,4,4,3,4,3,4,4,4,3,4,4,4,4,,1,4,1,4,4,4,3,3,2,6,7,7,6,6,6,7,4,4,4,4,4,14,,1,16,9,0,0,0,0,Social media
476,4,1,1,4,,1,2,3,1,4,4,1,1,4,4,4,2,1,1,4,1,2,4,4,4,4,2,5,5,6,,6,6,6,7,7,7,6,2,,3,1,14,9,0,0,0,0,Games
477,2,4,2,2,,3,4,2,4,,2,1,2,2,2,1,2,1,2,3,3,2,4,1,4,2,4,3,1,1,2,3,4,5,2,1,1,5,5,,1,1,15,9,0,0,0,0,Music
478,3,2,1,3,4,2,4,3,3,1,2,1,4,3,3,1,1,1,1,4,3,4,2,2,1,2,2,3,4,3,1,2,1,2,1,3,1,4,6,15,,0,17,9,0,0,1,0,Communication
479,4,2,4,4,3,3,2,4,,3,4,,2,4,4,4,3,2,3,4,3,4,4,1,1,2,4,1,1,2,2,1,1,1,1,1,1,1,1,,,0,15,9,0,1,1,1,Other
480,4,2,,4,4,4,4,4,1,3,4,1,1,4,4,4,2,4,1,4,3,,4,4,4,4,4,6,5,6,7,7,7,3,1,1,1,5,1,13,,0,15,9,0,0,1,0,"Communication, Games, Social media, Music, Other"
481,2,4,2,4,2,3,1,2,3,3,1,2,1,2,3,1,2,1,2,2,1,3,2,2,2,1,2,1,3,5,4,3,6,1,4,1,1,4,2,1,,1,15,9,0,0,1,1,Other
482,4,1,3,1,1,2,1,1,4,4,1,1,3,1,1,1,1,1,4,1,1,4,1,4,1,1,1,7,7,1,7,5,3,5,6,6,1,5,6,10,,0,15,9,0,0,0,0,School
483,2,4,1,4,1,4,1,4,2,1,4,3,2,1,3,4,1,2,4,4,3,3,3,4,4,4,4,6,4,7,6,5,6,1,3,5,1,4,7,10,,0,15,9,0,1,0,0, communication
484,1,1,1,1,3,3,3,2,2,4,4,2,3,3,3,3,3,3,3,3,3,3,3,3,4,3,4,7,5,7,7,5,6,6,6,6,4,6,6,8,9,0,14,9,0,0,0,0,School
485,4,4,1,4,4,4,1,2,2,4,1,,1,2,3,2,2,3,1,4,2,1,2,1,4,4,4,7,,5,2,4,4,3,2,2,1,1,5,,4,1,14,9,0,0,0,1,"Communication, Games, Music"
486,4,3,4,4,4,4,3,4,4,3,4,1,3,1,4,3,4,1,2,4,4,4,4,4,2,4,4,7,6,4,1,1,4,1,1,1,1,4,4,0,0,0,14,9,0,0,1,0,Games
487,3,4,1,1,4,1,1,1,1,4,1,1,1,4,1,2,,1,1,3,3,1,1,,,,,1,1,1,1,1,1,1,1,1,1,1,1,,,2,16,9,0,0,0,0,"Communication, Games"
488,3,4,3,3,3,4,3,4,2,3,2,1,4,1,2,3,3,4,3,3,4,4,1,3,4,4,3,5,6,7,5,4,6,3,1,3,5,6,5,,6,1,16,9,0,0,1,0,School
489,4,3,2,1,2,4,3,3,2,2,1,2,4,3,1,2,2,1,2,3,2,2,2,1,2,1,2,1,5,3,3,1,2,1,4,5,2,4,3,1,2,1,15,9,0,0,1,0,School
490,4,4,2,4,4,4,4,4,4,4,1,4,4,1,1,1,1,4,4,2,4,4,4,1,4,4,1,2,4,1,1,4,,4,1,1,1,4,1,,,1,14,9,0,0,0,0,"Communication, Games"
491,4,4,2,4,4,4,4,4,4,4,1,4,2,1,4,1,4,1,4,2,3,4,4,4,4,3,2,2,1,1,2,3,1,1,1,5,5,1,1,,,1,16,9,0,0,1,0,Communication
492,4,1,1,4,2,3,1,4,3,4,2,2,1,4,4,4,2,4,1,3,1,2,3,1,4,1,2,6,6,4,3,3,2,2,5,3,1,5,4,13,6,,17,9,0,0,0,1,School
493,4,3,1,4,4,2,3,4,4,4,4,4,4,2,3,4,3,3,4,4,1,4,4,4,4,4,4,4,3,4,1,6,3,2,1,4,1,3,3,2,,1,16,9,0,0,0,0,Music
494,4,4,3,4,4,2,1,4,4,3,4,4,4,3,3,4,3,4,3,4,1,4,4,4,4,4,4,4,6,6,3,6,5,4,1,4,3,4,4,1,,1,14,9,0,0,0,0,Music
495,3,,2,4,4,4,2,4,2,4,2,2,2,2,3,2,3,3,1,2,3,1,3,1,1,3,3,7,6,6,5,6,5,5,4,5,5,5,6,4,8,1,17,9,0,1,0,0,Social Media
496,3,2,2,3,2,2,2,3,4,2,3,4,4,2,2,2,2,3,1,3,1,2,2,4,3,4,2,4,4,5,5,4,3,4,2,1,1,3,2,13,2,1,15,9,0,0,0,0,"Communication, Social media, Music, Other"
497,2,3,2,2,2,2,2,2,3,2,2,3,3,3,3,3,3,2,3,3,3,4,3,,,,,1,3,4,3,6,5,3,3,3,3,3,3,13,6,0,16,9,0,0,0,0,"Communication, Games, Social Media, Music"
498,1,2,2,1,,1,1,1,1,1,1,1,1,1,1,1,1,1,1,1,1,1,1,1,1,1,1,1,1,1,1,1,1,1,1,1,1,1,1,8,2,2,,9,1,1,1,1,Social Media
499,2,1,1,1,,3,1,3,2,1,1,4,1,2,2,3,2,3,3,1,1,4,4,1,1,3,1,3,3,2,2,4,4,2,7,7,7,7,7,12,12,0,19,9,1,1,1,0,Other
500,4,4,4,4,2,1,4,2,3,4,4,3,4,2,2,3,3,2,3,3,3,4,4,3,3,4,4,1,3,1,7,6,7,3,1,1,4,4,5,7,12,0,15,9,0,0,0,0,"Communication, Games, Social Media, Music"
501,4,4,1,4,4,4,4,1,1,4,1,1,4,4,1,4,1,4,4,4,1,4,4,4,4,4,1,4,6,7,1,5,6,7,6,4,3,2,1,6,,1,17,9,0,1,0,1,"Communication, Other"
502,4,4,1,4,4,4,4,,4,4,1,1,4,,4,4,4,1,4,4,4,4,4,1,4,4,1,5,5,7,7,6,4,4,6,5,1,6,6,14,3,1,13,9,0,1,0,1,"School, Social media"
503,4,4,4,4,2,4,4,1,1,4,1,4,4,4,4,4,4,4,4,4,4,4,4,4,4,1,2,1,1,1,1,1,1,1,1,1,1,1,1,2,6,1,15,9,0,0,0,0,Social Media
504,4,4,4,4,4,,4,4,1,1,4,2,4,3,4,3,4,4,4,4,2,4,4,4,4,2,2,7,4,3,4,5,4,1,4,1,1,1,4,5,,1,18,9,0,0,0,0,Other
505,4,4,4,4,2,2,2,1,4,4,4,1,1,4,4,4,1,4,4,4,1,4,4,4,4,2,4,6,6,6,1,1,1,6,1,1,1,6,1,13,,0,15,9,0,0,1,0,Communication
506,4,2,1,4,2,3,1,3,2,3,1,2,1,3,4,3,2,3,1,4,4,4,4,3,4,3,3,3,4,6,5,6,5,4,2,1,1,2,3,2,6,0,14,9,0,0,0,0,Games
507,4,4,1,4,1,4,4,4,4,4,4,4,4,4,1,4,4,4,1,4,4,2,4,4,4,4,1,5,4,6,5,5,5,5,2,5,1,5,4,2,,0,14,9,0,0,0,0,"School, communication, Games, Social media, Music"
508,4,4,3,4,2,1,1,2,3,2,3,4,3,4,4,4,4,4,4,1,4,4,3,4,2,3,4,1,1,1,1,2,4,3,3,1,2,3,4,,,0,18,9,0,0,1,1,Other
509,4,4,4,4,4,4,3,4,4,4,1,4,1,4,4,4,4,4,1,4,4,4,4,4,4,4,4,1,1,1,1,1,1,1,1,1,1,1,1,,,0,14,9,0,,0,,
510,3,4,3,4,3,4,1,4,4,1,4,3,1,2,1,1,1,2,3,4,2,4,3,2,1,4,4,6,3,6,4,3,5,5,1,2,2,1,3,,,0,16,9,0,0,0,0,Music
511,2,4,1,1,4,1,1,4,3,1,3,4,2,4,2,1,1,1,1,4,3,3,4,4,1,3,3,1,6,5,2,3,6,1,4,3,2,5,1,17,,0,17,9,0,1,1,0,Music
512,4,4,4,4,3,2,1,4,4,4,1,1,1,4,2,1,4,1,1,2,1,3,4,4,4,2,1,4,6,6,4,7,5,,1,5,3,1,4,2,6,2,17,9,0,1,0,0,Other
513, ,4,4,4,4,4,3,4,4,3,3,4,4,4,4,4,4,2,2,4,4,4,4,4,4,4,4,4,,7,,5,5,,5,5,6,5,5,2,0,3,,9,0,0,0,0,music
514,1,4,4,4,4,4,4,4,4,4,4,4,4,4,2,2,2,2,2,2,2,2,2,,,,,4,6,6,1,1,1,1,1,2,2,2,2,1,10,1,16,9,0,0,0,0,music
515,4,4,4,2,4,3,2,3,4,1,1,4,2,2,3,1,2,3,2,4,2,2,4,2,4,4,3,1,7,1,1,1,1,1,1,1,1,1,1,,,,,9,0,0,0,1,games
516,1,1,1,4,1,1,1,4,1,4,1,2,1,1,4,4,4,4,3,4,1,1,4,4,1,4,3,2,2,2,2,3,3,3,4,2,1,5,3,1,10,1,15,9,0,0,0,0,music
517,2,4,3,2,3,4,,,,2,2,3,1,2,3,2,4,2,2,4,2,4,4,4,4,1,2,6,6,6,6,7,,,4,7,,1,3,6,2,0,18,9,0,0,1,0,"school,communication,games,social media,music,other"
518,4,4,4,4,4,4,4,3,3,1,4,4,4,3,4,1,4,4,4,4,4,1,4,4,4,4,4,4,5,,3,5,7,4,1,4,4,5,7,2,3,0,18,9,0,0,1,0,schol
519,4,4,1,1,4,4,4,4,4,4,1,4,2,2,3,4,4,4,4,3,2,1,4,2,4,2,1,6,6,1,4,6,6,5,6,5,3,5,5,0,7,1,15,9,0,1,0,0,school
520,4,4,2,4,2,4,4,4,4,4,2,4,1,2,4,2,4,4,1,4,2,4,3,4,4,4,4,2,3,2,3,2,2,3,5,6,6,3,5,2,0,0,16,11,0,0,0,0,Social Media
521,4,2,4,4,4,3,4,3,2,1,1,4,2,2,4,2,2,4,2,4,2,1,4,4,4,4,2,3,6,7,1,4,1,2,4,4,1,4,4,2,7,1,19,11,0,1,1,0,Communication
522,2,2,2,3,2,2,2,3,2,2,3,2,1,4,4,2,2,1,2,2,4,1,2,2,1,2,2,4,2,4,3,2,4,2,1,2,3,4,4,2,7,1,19,11,0,1,0,0,Other
523,4,4,4,4,4,4,4,4,4,4,4,4,1,1,2,1,3,1,1,4,4,1,4,4,4,4,2,7,6,7,7,5,7,4,5,2,1,3,2,4,0,1,16,11,0,0,0,0,Communication
524,1,3,1,4,4,1,3,3,1,1,1,4,2,4,3,4,2,4,1,4,1,2,4,4,4,1,2,3,2,3,6,,5,2,3,1,1,4,1,7,0,0,17,11,0,1,0,0,Social Media
525,4,4,1,3,3,2,2,3,3,4,2,3,2,1,2,4,4,2,3,4,4,2,4,4,3,2,4,5,4,3,3,4,4,3,2,3,2,3,4,0,0,1,15,11,0,0,0,0,Communication
526,2,1,1,4,4,2,2,1,4,3,1,3,2,4,1,2,2,4,1,4,2,1,4,1,4,2,2,6,6,4,5,2,2,3,2,5,1,,5,2,0,1,20,11,0,,0,1,"School, Communication, Games, Social Media, Music"
527,4,4,1,4,1,1,1,1,4,4,1,1,1,4,1,2,1,4,1,4,1,1,4,1,2,1,1,6,2,2,2,6,4,1,2,1,1,,4,2,0,1,19,11,0,0,0,1,"School, Games, Social Media, Music, Other"
528,4,3,1,4,3,2,3,4,2,3,1,2,2,3,4,2,2,2,2,3,2,2,3,4,4,,2,2,4,5,2,3,2,2,6,7,4,6,2,2,0,1,18,11,0,1,0,0,Communication
529,4,1,4,4,4,4,2,4,4,4,4,4,4,4,4,4,1,4,4,4,1,1,1,4,2,1,1,2,5,7,1,3,1,3,1,1,4,1,3,0,0,2,19,11,0,0,0,1,Music
530,4,4,4,4,4,4,1,4,4,4,1,2,3,3,3,4,4,4,,4,4,,3,1,3,3,2,5,5,7,5,7,5,6,6,4,5,7,7,7,3,,17,11,0,0,0,0,Social Media
531,4,1,2,4,1,1,2,1,4,1,1,1,3,2,4,4,3,4,1,4,4,3,4,4,4,4,4,2,2,4,5,2,2,3,1,1,1,1,2,0,5,1,18,11,0,0,0,0,School
532,4,2,1,4,4,1,1,1,4,1,1,1,2,1,2,1,2,4,1,4,2,1,1,4,4,,3,3,3,5,1,4,1,3,1,2,3,3,1,2,0,1,18,11,0,0,0,0,School
533,4,2,1,4,2,3,4,1,1,4,,4,4,1,1,4,1,4,1,4,1,4,4,1,1,1,1,7,7,5,,2,7,2,2,1,3,7,4,4,0,0,17,11,0,1,0,0,Communication
534,4,2,2,4,2,4,2,4,4,3,1,3,2,3,2,2,3,3,1,4,2,3,3,3,2,2,2,3,2,3,2,3,1,2,3,3,1,2,2,1,0,0,22,11,0,0,1,1,Communication
535,4,4,4,3,4,4,4,4,4,4,4,3,1,4,4,4,4,4,4,3,3,3,4,3,4,2,4,1,1,1,2,2,1,1,1,1,1,1,2,0,0,1,18,11,0,,0,,
536,4,1,2,4,4,3,3,2,1,3,1,1,1,3,4,4,4,4,1,4,3,3,4,4,4,3,2,3,5,3,3,5,1,2,3,6,3,2,5,0,4,1,18,11,0,0,0,0,Music
537,4,4,,2,2,2,3,1,1,4,2,4,1,4,4,2,4,2,1,2,4,2,4,1,4,2,2,5,4,4,2,2,2,1,2,1,3,3,3,3,2,2,16,11,0,0,0,0,School
538,2,3,2,1,2,3,2,2,3,4,1,3,4,1,2,4,4,4,1,3,1,4,3,2,4,2,4,5,5,6,3,7,,5,,4,3,6,4,0,2,0,16,11,0,0,0,0,Music
539,4,1,1,,1,1,1,3,1,1,1,2,4,2,2,4,2,4,1,4,2,1,4,2,4,1,1,2,4,1,2,2,4,,1,1,1,2,1,0,6,1,17,11,0,0,0,0,School
540,4,2,2,2,4,3,2,3,3,3,4,3,3,2,3,1,4,3,2,2,2,4,2,4,3,4,1,2,2,2,3,7,5,2,5,1,2,5,5,0,3,,16,11,0,1,0,0,Games
541,4,1,1,4,4,3,4,1,3,4,1,1,2,1,2,2,2,4,1,4,1,1,4,2,4,,2,2,2,5,2,2,2,2,1,1,1,1,1,2,9,0,17,11,0,0,1,0,School
542,4,1,2,4,4,1,2,4,2,4,2,3,2,4,2,1,4,1,2,4,2,2,4,2,2,4,4,4,3,4,3,5,4,1,6,4,,4,4,0,3,0,15,11,0,0,0,0,Communication
543,4,3,3,4,3,3,4,2,3,3,4,3,2,3,3,4,3,3,3,2,2,4,4,3,3,4,3,5,7,6,4,6,6,4,6,6,3,2,6,,,1,19,11,0,0,0,0,Social Media
544,1,4,1,4,4,2,1,2,3,4,1,1,4,2,4,2,2,4,2,2,3,1,3,1,2,2,3,2,4,6,2,1,3,4,5,4,1,3,4,1,0,1,18,11,0,1,1,0,Music
545,3,2,4,4,2,1,3,4,4,1,2,3,4,1,1,1,4,1,2,3,3,1,3,3,3,2,1,5,6,3,4,3,5,1,4,6,4,1,1,,,0,20,11,0,0,1,0,Communication
546,4,1,4,4,4,1,2,1,1,4,1,4,4,4,3,1,4,2,4,2,4,1,4,4,4,3,1,3,3,3,4,2,3,2,3,2,2,3,4,1,,1,18,11,0,0,0,0,Music
547,4,2,1,2,2,2,1,2,1,1,1,4,2,2,4,1,2,2,1,4,2,2,4,4,2,2,1,2,4,6,1,1,2,2,3,2,1,2,4,,2,1,17,11,0,0,0,0,School
548,4,2,1,,3,1,,4,3,2,4,3,1,4,3,4,1,3,1,4,3,1,3,3,4,2,1,2,3,4,1,,2,1,2,1,4,3,1,19,,1,20,11,0,0,1,0,Social Media
549,4,3,2,2,4,3,1,4,3,2,4,4,3,3,4,1,2,1,3,4,1,2,4,1,4,2,3,3,3,3,3,3,2,2,2,1,1,3,3,1,0,1,18,11,0,0,1,0,Communication
550,1,1,1,4,1,1,1,1,1,4,2,4,4,3,2,4,2,4,1,4,3,3,4,1,4,1,1,2,1,1,4,6,4,1,2,5,1,2,1,,4,0,15,11,0,0,0,0,School
551,4,2,4,2,1,4,2,1,4,1,4,2,1,4,2,4,4,3,1,4,1,1,4,4,4,1,1,6,5,7,6,7,6,5,5,5,5,5,4,6,2,0,16,11,0,1,0,0,Music
552,2,1,1,2,1,2,1,1,1,3,1,3,2,1,4,2,2,3,1,3,1,2,2,2,2,1,2,3,3,2,2,,5,3,3,4,3,5,4,2,4,0,18,11,0,1,0,0,"School, communication, games, social media, music, videos"
553,4,1,1,4,4,,1,4,1,2,2,1,4,2,4,4,3,4,2,1,2,1,4,3,2,2,2,2,3,1,2,2,1,2,3,1,1,6,1,,4,0,17,11,0,0,0,0,"School, communication"
554,4,2,4,4,4,4,1,4,1,4,1,,1,2,4,2,3,3,1,4,2,1,4,4,4,2,2,3,3,7,2,4,6,1,2,4,4,3,2,,4,0,17,11,0,0,0,1,Communication
555,4,4,4,1,4,4,2,1,4,4,1,4,3,2,2,1,3,2,1,4,4,1,4,4,4,,1,3,6,7,6,4,,2,,5,3,2,6,,4,1,19,11,0,0,1,1,Communication
556,3,3,2,2,2,2,3,2,1,3,1,2,2,1,4,2,2,3,1,4,2,2,3,4,3,2,2,6,5,3,2,2,3,2,2,2,1,4,1,10,,0,18,11,0,1,0,0,Communication
557,4,1,1,4,3,4,1,2,1,4,1,1,2,2,4,3,4,3,2,4,4,4,4,3,2,3,1,2,5,6,3,2,2,4,3,4,4,1,2,5,,1,17,11,0,0,1,0,Music
558,4,1,2,4,1,4,1,2,4,4,4,2,1,4,2,4,3,4,1,4,3,2,4,2,4,1,4,6,5,5,,6,5,6,6,7,5,6,3,,5,0,16,11,0,1,0,0,"School, social media"
559,4,1,2,2,3,2,1,3,2,3,1,3,2,3,2,2,1,2,1,4,1,3,4,4,4,2,3,5,3,2,3,5,2,1,2,1,1,5,3,1,,0,18,11,0,0,1,0,school
560,3,4,2,2,4,4,3,2,4,4,1,2,1,4,4,2,4,4,1,2,1,2,4,1,4,2,4,6,4,7,4,5,4,,,6,2,2,3,,8,0,18,11,0,1,0,0,Social Media
561,3,1,1,1,4,4,1,1,1,4,4,4,1,2,3,2,4,1,1,4,4,2,4,4,4,2,2,1,2,6,3,1,1,1,1,1,2,1,2,,10,0,15,11,0,1,0,0,Communication
562,4,2,3,4,2,4,1,2,4,1,1,2,1,2,1,1,2,2,1,4,1,2,2,1,2,2,1,5,2,2,1,2,1,2,1,1,2,3,5,17,7,1,18,11,0,0,0,0,Communication
563,4,1,1,4,2,3,1,1,3,4,1,4,3,4,2,4,2,4,1,3,2,1,3,1,2,2,2,5,3,5,2,3,5,1,6,2,1,7,3,,,,18,11,1,0,1,0,Games
564,4,4,1,4,2,4,1,4,1,4,1,1,1,1,4,4,3,2,1,4,4,1,3,2,4,1,1,1,1,1,1,5,1,3,2,2,4,5,2,,2,0,18,11,0,0,0,0,school
565,4,4,1,3,1,1,4,4,4,,2,1,4,4,2,3,2,4,3,4,1,2,1,4,1,2,4,5,6,5,6,2,6,6,3,5,,5,3,,,1,20,12,0,0,0,0,Music
566,4,1,2,4,2,2,2,1,2,4,2,4,1,2,3,4,,2,,,,,,,,,,5,6,,2,3,5,2,1,6,2,6,5,18,0,1,18,12,0,1,0,0,Music
567,4,4,2,2,4,4,2,2,4,2,1,3,3,4,3,2,1,4,1,4,1,4,4,1,4,3,4,6,6,6,5,4,4,4,3,4,,5,4,2,0,0,18,12,0,0,0,1,"School, Music"
568,4,4,2,4,1,1,4,1,1,4,1,4,1,4,4,1,1,4,1,2,3,1,4,1,4,2,3,6,5,5,4,3,5,1,2,4,5,5,5,4,0,,17,12,0,1,0,1,Communication
569,4,,1,4,4,2,1,1,2,4,4,3,2,4,3,2,2,,1,4,1,1,4,4,4,2,1,5,2,3,5,2,2,2,1,1,1,1,2,2,0,1,18,12,0,1,1,0,Music
570,3,1,1,2,2,1,1,3,2,4,4,2,4,4,3,4,2,3,1,4,1,2,4,2,4,3,4,6,6,6,7,6,7,2,1,6,6,4,4,3,0,0,18,12,0,0,0,0,Social Media
571,3,1,1,4,3,1,1,2,1,1,1,4,4,2,1,1,3,2,1,4,1,1,4,2,4,1,1,3,3,3,4,3,5,1,2,4,4,2,2,4,0,0,18,12,0,0,0,0,Communication
572,3,3,1,4,2,4,1,2,2,4,1,2,4,2,4,2,2,3,1,4,4,2,3,3,3,,2,5,6,6,5,2,3,5,4,4,1,1,6,5,0,0,17,12,0,0,0,1,Social Media
573,3,2,1,4,2,1,4,2,4,1,4,4,2,3,4,1,3,2,1,4,3,1,4,4,1,2,1,1,4,2,2,4,6,1,2,1,6,3,1,0,6,1,20,12,0,0,1,0,Games
574,2,2,1,4,4,4,2,3,3,2,4,2,1,4,4,3,3,4,1,4,1,4,4,2,4,1,2,5,6,5,5,6,5,5,3,5,3,5,6,3,2,0,19,12,0,1,0,1,Other
575,4,4,1,2,1,3,3,1,3,,4,4,4,3,1,2,3,4,1,2,2,1,2,4,3,4,1,7,6,4,2,2,3,2,2,4,5,4,3,4,10,1,18,12,0,1,0,1,Games
576,4,4,1,4,1,2,2,4,4,4,1,1,1,1,2,4,2,4,1,4,4,1,4,1,3,1,2,5,2,5,6,5,2,4,6,1,6,3,3,16,,0,16,12,0,0,0,0,Music
577,2,3,1,2,3,1,4,2,4,4,3,3,3,2,2,3,2,3,1,3,1,2,3,3,4,2,3,6,3,3,2,5,6,4,5,4,,5,6,5,0,0,17,12,0,1,0,1,Games
578,3,1,3,4,1,4,1,3,1,4,1,1,1,1,4,2,1,4,1,4,1,2,4,4,4,4,2,6,6,5,1,1,1,5,6,2,2,5,2,4,0,0,17,12,0,0,0,0,Music
579,4,3,,3,,2,1,4,1,3,1,3,,1,4,1,2,1,1,3,1,4,4,2,4,4,2,4,3,6,5,2,4,2,1,2,1,4,2,1,0,1,18,12,0,0,0,0,Communication
580,4,2,1,4,2,4,4,3,1,4,1,1,1,1,4,2,4,2,1,2,1,2,4,4,4,2,2,5,6,4,6,,3,5,5,5,4,4,5,1,0,1,19,12,0,0,0,1,Communication
581,3,3,1,2,3,2,1,1,4,3,1,2,1,2,4,2,4,1,4,4,2,2,3,1,2,4,2,4,3,4,3,3,2,2,5,3,4,2,4,2,0,1,18,12,0,0,1,1,Other
582,2,2,2,1,2,1,4,1,1,4,2,4,4,4,1,4,1,4,1,4,1,4,4,1,4,2,3,5,2,2,4,4,3,,3,1,1,3,4,0,4,0,18,12,0,0,0,0,School
583,4,1,1,4,1,4,2,4,2,4,4,4,4,4,4,4,4,4,1,3,4,4,4,4,4,4,4,7,5,5,3,4,3,2,3,4,2,7,2,6,0,0,15,12,0,1,0,1,Communication
584,4,3,1,4,4,4,2,3,2,4,1,1,1,2,3,2,4,3,1,4,3,1,4,3,4,4,2,3,5,5,4,2,4,2,4,2,1,2,5,0,1,1,15,12,0,0,0,1,Other
585,4,2,1,2,4,4,2,2,4,4,1,1,2,4,2,3,2,3,3,2,4,2,4,3,3,2,3,4,5,,4,5,3,3,4,4,3,3,4,1,3,1,17,12,0,0,0,0,Communication
586,4,4,,2,4,2,4,4,4,4,1,1,1,1,1,2,2,4,1,4,2,2,4,1,4,4,2,6,5,6,6,7,6,4,6,7,6,2,6,7,0,0,17,12,0,1,0,1,Social Media
587,4,1,1,4,1,1,1,4,1,4,1,4,4,2,4,4,1,3,1,4,1,1,4,2,4,2,2,4,3,5,7,6,6,7,,3,5,2,1,4,2,1,18,12,0,1,0,0,School
588,4,4,1,4,4,4,1,4,4,3,1,2,2,3,3,2,3,,1,4,2,1,4,4,4,4,3,3,5,6,3,2,3,5,6,2,2,5,2,2,0,1,19,12,0,0,0,0,Communication
589,4,2,3,4,1,4,3,4,1,2,1,4,4,4,,2,2,3,1,1,2,1,4,4,2,3,2,6,7,5,6,4,5,3,6,,3,4,5,15,6,1,18,12,0,0,0,0,Social Media
590,3,2,1,,1,1,1,4,4,2,1,4,4,4,4,4,2,2,1,4,3,2,4,4,2,4,3,1,1,1,1,1,1,1,1,1,1,1,1,0,0,1,,12,0,,1,,
591,4,2,1,4,4,4,1,4,1,2,1,4,2,4,4,2,3,2,1,4,2,2,2,4,4,3,1,7,6,1,3,4,6,,2,1,4,1,2,15,6,1,20,12,0,,1,0,Social Media
592,2,1,2,2,,1,,2,1,4,1,3,1,1,1,4,2,4,1,4,1,2,4,2,4,2,2,5,4,5,6,,4,4,3,3,3,3,4,1,0,1,16,12,0,0,0,0,Communication
593,4,4,3,4,4,4,1,4,4,3,1,1,1,4,4,1,4,1,2,4,2,2,4,4,2,4,1,4,6,4,2,5,5,2,7,1,3,5,5,1,0,1,18,12,0,0,1,0,Communication
594,1,1,1,4,4,4,1,4,4,4,4,1,3,1,4,4,4,3,1,4,1,4,4,1,4,1,4,7,7,7,7,2,7,5,2,2,2,3,7,1,0,0,18,12,0,1,0,1,Social Media
595,4,2,3,4,4,4,4,1,1,1,4,4,1,4,1,3,4,4,1,4,1,4,4,4,4,3,4,6,6,2,6,5,6,2,2,6,2,2,2,5,2,1,17,12,0,0,0,0,"school,communication,music,other"
596,4,2,1,4,2,3,3,3,1,3,4,2,1,4,3,1,3,2,1,3,,2,3,1,3,2,2,2,5,3,5,4,2,5,5,3,2,5,5,0,8,1,18,12,0,0,0,0,Communication
597,4,3,4,4,1,4,1,4,3,2,2,3,2,3,4,2,4,2,1,4,4,2,3,4,4,2,4,4,6,6,4,3,6,,2,6,5,4,6,0,4,1,17,12,0,0,0,0,school
598,4,1,4,4,3,4,1,2,2,4,1,4,3,3,1,4,2,3,3,4,2,2,3,2,4,2,1,2,3,2,4,1,5,3,4,1,1,4,3,0,9,1,18,12,0,0,1,0,School
599,1,3,1,4,3,4,4,2,2,4,1,4,3,3,4,2,4,4,1,4,1,2,4,4,4,2,2,6,5,4,4,4,4,2,5,3,2,2,4,3,0,1,15,12,0,0,0,0,Music
600,4,4,1,4,1,1,1,1,3,4,1,1,,1,1,4,4,4,1,4,1,1,4,4,4,1,1,1,5,1,5,5,5,1,1,1,1,1,1,0,6,1,19,12,0,0,1,1,Social Media
601,4,2,1,4,2,3,1,4,2,4,2,1,,2,2,3,4,3,2,4,2,3,4,3,4,2,3,2,,4,2,1,6,6,6,5,6,4,2,3,0,1,18,12,0,0,0,0,Communication
602,4,3,1,4,3,4,2,1,1,3,2,3,1,4,4,4,4,4,1,3,2,1,4,3,4,4,2,6,4,4,6,2,3,4,6,7,6,2,5,2,0,1,16,12,0,1,0,1,Music
603,4,4,3,4,4,4,4,4,2,4,1,1,1,4,4,4,2,4,1,4,1,2,4,1,3,3,3,7,2,2,4,7,2,5,7,7,7,2,7,4,0,0,19,12,0,1,1,1,Other
604,1,2,,1,4,4,3,4,2,3,1,,3,4,2,2,3,2,2,1,1,1,3,3,2,4,2,4,5,6,5,2,3,3,5,3,1,3,2,3,0,1,20,12,0,0,0,0,School
605,4,2,2,4,4,3,2,4,3,2,1,1,1,2,2,1,1,4,4,4,3,1,3,1,2,2,2,3,4,5,6,2,6,1,5,3,1,2,4,7,9,1,19,12,0,0,1,0,Communication
606,3,1,1,4,4,4,2,2,2,1,1,4,3,2,1,3,1,4,1,4,3,4,4,2,4,2,2,5,6,4,5,2,6,1,7,3,2,3,4,5,11,0,17,12,0,0,0,0,Communication
607,4,2,1,4,4,3,2,4,1,3,4,1,1,4,3,3,3,1,1,4,2,3,4,2,3,,2,6,6,6,6,2,5,2,4,2,1,1,6,5,0,0,19,12,0,1,0,0,Music
608,4,4,1,1,4,3,3,4,3,4,2,2,2,3,4,3,2,3,1,4,2,3,4,4,3,3,2,3,5,4,2,2,3,4,5,6,5,2,3,2,0,1,16,12,0,0,0,1,Other
609,4,3,4,4,2,4,4,1,1,3,4,4,2,4,4,2,2,4,1,4,4,1,4,4,4,2,2,2,5,1,2,3,5,1,2,2,2,3,1,0,6,1,15,12,0,1,0,0,"School, Communication, Music"
610,4,3,2,4,2,3,4,4,1,3,1,2,3,4,3,2,3,1,2,4,2,4,3,4,2,1,2,6,6,4,5,,2,4,5,4,2,5,4,0,7,1,15,12,0,0,1,0,Communication
611,1,1,1,4,1,,4,3,1,1,4,4,1,4,3,4,1,4,1,4,1,4,4,1,4,1,4,5,7,,7,5,5,2,1,1,1,2,2,4,0,1,16,12,0,0,0,0,Communication
612,4,4,1,4,4,1,4,4,4,4,1,2,4,4,4,1,4,2,4,4,4,1,4,4,1,4,1,3,5,6,2,3,3,1,1,1,1,1,1,1,3,1,19,12,0,0,0,1,Other
613,4,1,1,4,,2,3,3,4,2,1,4,1,3,1,3,3,3,1,4,1,1,2,2,2,,3,1,2,1,2,2,4,3,4,1,1,2,5,,,1,17,12,0,1,0,,School
614,4,4,4,4,4,1,4,4,4,2,1,4,2,1,4,4,4,4,1,4,4,2,4,4,2,4,4,7,5,4,4,3,3,4,3,3,6,3,3,2,0,1,19,12,0,0,1,0,Music
615,4,4,4,4,4,4,2,1,2,2,1,3,1,4,4,2,2,1,2,3,2,1,4,2,3,2,2,6,3,5,2,2,2,3,3,6,6,3,3,0,0,1,17,12,0,0,0,1,Music
616,4,3,2,4,2,2,2,2,1,3,1,2,1,2,2,2,2,4,1,3,2,2,3,2,3,2,2,5,4,5,4,3,5,4,,2,2,2,5,0,10,1,18,12,0,0,1,0,Communication
617,3,4,2,4,4,4,4,4,4,4,1,1,2,2,4,2,1,1,1,4,3,2,4,4,1,2,3,6,7,7,5,3,1,1,2,5,4,2,5,17,8,0,18,12,1,0,1,0,"Other, Gambling"
618,4,1,4,4,1,1,2,3,4,4,4,1,1,4,1,2,,,1,4,3,3,4,3,3,1,2,3,4,3,2,2,3,4,3,1,1,2,1,0,0,1,20,12,0,0,0,1,Music
619,4,4,1,4,1,4,2,4,2,4,1,1,3,3,4,1,2,1,1,4,3,1,4,4,4,1,1,2,2,,3,5,3,2,5,6,2,2,1,3,0,1,19,12,0,0,0,1,
620,4,4,2,3,3,4,3,4,2,3,4,4,3,2,2,4,,4,3,4,2,2,4,2,4,1,3,5,6,3,4,2,5,3,3,6,3,5,4,2,0,1,19,12,0,0,0,0,School
621,4,4,2,4,2,1,2,1,2,3,1,2,4,2,2,4,2,4,1,2,1,2,4,2,2,1,4,5,2,2,2,5,3,2,2,2,2,2,2,,,2,18,12,0,,0,0,"Communication, Music"
622,4,4,4,4,4,4,4,4,4,4,1,1,2,4,4,4,2,4,1,4,2,1,4,4,4,4,2,4,5,4,2,7,2,4,4,2,4,4,2,0,1,1,20,12,0,0,0,0,Music
623,3,1,1,4,1,4,1,1,1,3,1,1,2,3,2,2,2,2,1,4,2,1,3,1,4,2,1,3,2,4,3,2,3,4,3,3,2,2,4,2,0,1,20,12,0,1,0,0,School
624,2,2, ,2,4,4,2,2,2,2,1,1,1,2,2,2,2,2,1,2,2,1,2,2,4,2,2,6,6,7,6,5,6,6,6,7,7,7,7,16,0,1,18,13,0,1,0,1,Communication
625,2,3,2,3,4,3,4,3,1,4,1,2,2,3,2,1,3,2,2,1,4,3,3,2,2,2,3,6,6,5,7,3,,5,5,3,2,4,6,9,0,0,21,13,1,0,0,1,Other
626,4,2,1,4,4,4,4,1,4,4,1,4,1,4,4,2,4,4,1,4,4,1,4,4,4,4,4,7,6,7,5,7,7,5,5,2,1,4,5,4,2,0,20,13,0,1,0,1,School
627,3,4,2,3,3,2,4,1,2,2,3,1,4,1,2,3,1,2,3,4,2,2,2,3,3,2,1,5,4,6,6,5,6,2,2,5,,5,3,3,0,0,19,13,0,0,0,1,Communication
628,4,2,4,4,2,4,4,4,1,4,1,4,4,1,1,2,4,1,1,4,2,4,4,2,4,2,4,6,7,6,6,,2,6,3,3,3,5,5,6,0,1,17,13,0,0,0,0,Music
629,4,2,1,3,1,1,2,3,4,4,1,4,4,3,4,3,3,4,4,3,4,2,4,,,,,5,5,2,6,2,,5,,5,2,6,5,4,0,1,18,13,0,0,0,0,Social Media
630,4,1,2,2,4,1,1,2,1,2,1,4,2,1,3,2,3,3,1,4,1,1,4,3,3,1,1,2,1,3,4,4,2,5,2,3,2,5,3,3,0,1,19,13,0,1,0,0,Music
631,,,4,4,4,2,2,2,3,,,2,1,2,3,2,2,3,1,2,1,1,3,2,3,3,4,5,5,2,2,5,2,3,,4,3,2,5,3,0,1,18,13,0,0,0,0,Music
632,4,3,3,4,4,2,3,4,1,4,1,1,1,2,4,4,2,3,4,4,4,4,3,4,4,2,4,5,6,5,6,4,3,7,4,7,4,5,7,3,8,1,21,13,0,1,1,0,Music
633,4,4,4,4,2,3,4,4,4,2,1,3,2,2,4,1,4,2,2,4,3,4,4,4,4,4,2,4,6,3,3,3,4,4,4,4,2,3,5,3,0,1,20,13,0,0,0,0,Communication
634,2,4,1,1,3,2,1,4,4,4,1,4,2,1,4,1,2,4,1,4,4,4,4,4,4,2,4,7,7,5,7,3,,6,1,5,,5,6,3,0,0,17,13,0,1,0,1,Music
635,4,3,1,1,3,4,1,3,4,1,1,1,1,1,1,3,4,3,2,4,1,3,4,2,2,4,2,4,3,,2,2,3,1,,2,1,1,2,2,8,0,19,13,0,1,0,0,Communication
636,4,2,1,4,3,4,2,2,1,4,1,2,3,4,4,1,4,2,1,4,4,4,3,4,4,4,2,2,6,3,1,5,2,1,1,,4,6,3,18,0,1,21,13,0,1,0,0,Music
637,2,1,1,4,2,4,4,4,2,4,1,4,2,4,3,1,1,2,2,4,2,4,4,4,4,1,3,5,5,4,3,2,5,2,5,3,2,1,3,6,0,1,21,13,0,0,1,1,Communication
638,4,1,2,4,4,1,4,,1,4,1,4,4,4,4,2,1,4,1,4,1,2,4,1,4,1,2,6,2,3,5,1,5,3,5,2,1,6,4,2,10,0,20,13,0,0,1,0,School
639,4,2,4,4,2,3,1,2,3,3,1,3,2,4,3,2,3,4,1,4,3,4,4,3,3,1,2,5,6,6,5,3,4,3,5,6,4,6,5,3,0,0,18,13,0,1,0,0,Communication
640,3,4,1,3,4,2,4,3,2,4,1,1,1,3,2,4,2,4,2,4,3,4,4,2,3,2,4,6,4,4,6,,5,2,6,3,4,3,2,5,0,0,18,13,0,0,0,0,Social Media
641,4,4,2,4,4,2,1,3,3,1,3,2,4,3,2,3,1,2,1,3,3,3,4,3,4,2,2,5,6,7,5,3,7,2,7,4,5,5,4,,,,18,13,0,0,0,0,Social Media
642,4,3,4,4,4,4,4,1,4,4,1,4,1,3,1,2,4,4,1,4,2,4,4,4,4,4,1,7,5,7,7,2,7,2,5,5,1,3,5,10,0,0,22,13,0,1,0,1,Other
643,3,1,1,4,3,2,,4,1,4,3,4,4,4,2,3,4,3,1,4,4,1,4,3,4,4,3,4,5,2,2,3,3,6,4,5,4,3,5,0,2,1,19,13,0,0,0,0,Music
644,4,4,2,1,3,2,4,4,4,4,1,4,3,2,3,2,2,3,1,4,2,2,4,3,2,1,3,5,7,6,3,2,4,4,5,5,5,3,6,6,0,1,20,13,0,0,0,1,Other
645,4,4,3,4,,2,4,4,3,4,1,1,1,2,2,1,1,4,1,4,1,1,3,4,4,4,3,4,4,5,6,2,2,2,3,5,1,2,2,2,0,1,18,13,0,0,0,0,School
646,4,2,3,4,4,4,1,4,4,1,3,1,1,4,2,4,4,2,4,4,4,4,4,4,4,3,4,2,6,3,2,2,1,2,5,5,1,7,7,1,0,1,19,13,0,0,0,0,School
647,,,,,,,,,,,,,,,,2,2,4,1,1,3,2,4,4,4,2,1,5,,3,2,2,7,3,1,1,1,5,7,4,0,1,20,13,0,0,0,0,School
648,4,4,1,4,2,4,1,3,2,4,1,1,1,1,2,1,1,1,2,2,4,2,4,1,2,1,2,7,5,3,2,6,2,6,2,6,2,2,4,7,0,1,27,13,0,0,1,0,School
649,4,3,,4,2,,2,2,2,1,1,3,2,2,2,2,2,3,1,4,3,4,4,2,2,2,3,4,3,2,2,4,4,4,3,2,4,5,3,,,0,19,13,0,0,0,0,School
650,3,1,1,4,1,4,4,4,1,4,1,1,3,2,2,1,4,2,1,4,4,4,4,2,4,2,2,5,5,5,1,1,1,3,3,1,1,1,1,1,0,1,20,13,0,0,1,0,Games
651,3,3,1,3,2,1,2,3,1,1,1,3,3,3,1,4,1,,1,4,4,1,4,4,4,2,2,6,7,6,2,2,5,,4,3,2,1,3,3,0,1,20,13,0,0,0,1,Music
652,4,4,2,4,3,3,3,4,2,4,1,4,3,4,4,3,2,3,1,4,2,1,4,4,4,2,4,6,3,4,5,4,6,4,4,6,,5,5,3,0,1,21,13,0,0,0,0,Social Media
653,4,1,1,4,4,1,4,4,4,3,4,1,1,2,1,4,4,4,1,4,4,2,4,4,1,4,1,4,5,6,4,,2,2,2,5,2,6,5,3,0,1,23,13,0,1,0,0,Music
654,4,2,1,2,2,1,2,2,2,1,1,1,4,1,2,2,2,2,3,4,2,2,4,3,1,3,3,2,2,2,2,2,2,1,2,2,1,1,2,3,0,1,23,13,0,0,0,1,Communication
655,4,1,1,3,1,1,2,1,,3,4,4,4,3,1,2,3,1,3,4,4,4,4,1,4,3,3,3,6,5,4,2,4,5,2,5,5,3,2,5,0,1,19,13,0,0,0,1,School
656,4,1,1,1,2,2,2,1,2,2,2,4,1,2,1,2,3,3,2,3,2,2,4,2,2,2,2,6,6,6,5,3,5,5,4,4,2,5,4,4,0,1,20,13,0,0,0,1,Music
657,4,4,1,4,3,4,3,3,2,4,2,4,1,3,2,1,4,3,1,4,2,3,4,2,1,1,2,4,,2,5,5,5,6,6,4,3,3,2,0,2,0,18,13,0,0,0,0,Social Media
658,4,2,2,1,4,4,2,4,1,4,1,4,1,2,2,2,2,2,2,2,4,2,4,4,4,2,1,1,1,1,1,1,1,1,1,1,1,1,1,0,0,1,17,13,0,1,0,1,Music
659,1,3,,2,4,4,1,2,4,1,4,1,4,4,4,4,1,4,1,4,1,2,4,1,4,4,4,5,7,7,7,2,7,2,,,6,6,7,6,0,0,17,13,0,1,0,1,Social Media
660,2,1,2,4,4,4,3,1,1,4,1,1,1,2,2,1,4,1,4,1,4,1,2,4,2,4,2,6,6,4,5,,4,3,5,3,1,1,4,8,0,1,19,13,0,1,0,1,Social Media
661,2,2,4,1,1,2,4,4,3,1,1,1,1,3,4,1,4,4,1,3,1,2,4,2,2,2,4,3,1,1,2,5,1,1,1,7,5,4,4,2,1,0,18,13,0,0,1,1,Games
662,4,,1,4,2,4,1,4,2,4,1,1,1,1,2,1,4,2,1,1,4,1,4,4,1,2,1,5,4,,5,4,6,5,6,6,5,3,7,3,0,1,19,13,0,1,1,0,"School, Communication, Social Media, Music"
663,4,4,3,4,2,2,1,2,1,4,1,4,4,3,3,2,4,3,1,4,2,4,4,4,4,2,3,5,5,6,,6,4,3,5,4,1,4,3,7,3,0,18,13,0,0,1,0,Communication
664,4,4,,2,3,4,4,4,2,4,4,3,1,4,4,2,4,4,1,4,1,1,4,2,4,4,2,6,6,6,6,6,4,3,7,5,2,7,6,5,0,1,18,13,0,0,0,0,Social Media
665,4,2,1,4,2,4,3,2,4,4,1,1,2,4,4,2,2,3,1,2,2,3,4,2,2,2,2,1,1,1,1,1,1,1,1,1,1,1,1,0,0,1,20,13,0,1,1,1,Other
666,4,2,1,4,1,4,1,1,1,1,1,4,4,4,1,4,4,4,4,4,4,4,4,1,4,4,1,5,5,6,6,4,7,3,2,5,5,,5,2,0,1,19,13,0,0,0,0,School
667,2,3,,1,4,4,4,,3,4,4,2,1,2,1,4,4,4,1,4,1,4,4,2,4,4,3,2,4,4,,2,2,5,,1,1,2,2,1,0,1,21,13,0,0,1,1,School
668,4,2,1,4,2,4,3,2,4,4,1,2,2,4,3,2,2,3,2,2,2,3,4,2,4,2,3,1,1,1,1,1,1,1,1,1,1,1,1,0,0,1,18,13,0,1,0,1,School
669,4,4,,1,4,1,3,1,2,4,3,1,2,4,4,2,4,3,3,4,4,2,4,1,4,2,3,4,6,6,2,6,,5,3,3,6,7,5,3,0,1,19,13,0,0,0,0,Communication
670,4,4,4,4,,4,4,4,4,4,1,4,4,4,3,2,4,4,1,4,4,4,4,4,4,4,2,2,4,6,2,1,2,1,6,6,1,3,4,1,0,1,22,13,0,0,0,0,Communication
671,4,4,4,4,1,4,4,4,4,1,1,4,4,2,4,2,4,2,1,2,4,4,4,4,4,1,4,6,6,6,5,2,5,1,2,1,1,2,6,6,0,1,18,13,0,0,1,0,Music
672,4,3,4,4,2,4,4,2,1,4,1,4,1,1,1,1,2,2,2,4,4,2,4,4,4,4,2,4,3,3,3,3,6,3,3,3,3,4,4,3,6,1,20,13,0,0,0,0,Communication
673,4,1,4,4,4,4,4,2,2,,1,1,2,4,4,4,4,4,1,4,4,2,4,4,4,1,1,3,3,3,3,1,3,2,2,2,2,2,1,0,1,1,20,13,0,0,0,0,School
674,4,4,1,4,4,4,4,4,4,4,1,1,4,4,2,1,1,2,3,2,1,1,4,4,4,4,2,5,5,7,7,2,7,5,3,7,7,5,7,3,0,1,20,13,0,0,1,1,Social Media
675,,,,,,,,,,,,,,,,,,,,,,,,,,,,,,,,,,,,,,,,,,,,,,,,,
676,,,,,,,,,,,,,,,,,,,,,,,,,,,,,,,,,,,,,,,,,,,,,,,,,
677,,,,,,,,,,,,,,,,,,,,,,,,,,,,,,,,,,,,,,,,,,,,,,,,,
678,,,,,,,,,,,,,,,,,,,,,,,,,,,,,,,,,,,,,,,,,,,,,,,,,
679,,,,,,,,,,,,,,,,,,,,,,,,,,,,,,,,,,,,,,,,,,,,,,,,,
680,,,,,,,,,,,,,,,,,,,,,,,,,,,,,,,,,,,,,,,,,,,,,,,,,
681,,,,,,,,,,,,,,,,,,,,,,,,,,,,,,,,,,,,,,,,,,,,,,,,,
682,,,,,,,,,,,,,,,,,,,,,,,,,,,,,,,,,,,,,,,,,,,,,,,,,
683,,,,,,,,,,,,,,,,,,,,,,,,,,,,,,,,,,,,,,,,,,,,,,,,,
684,,,,,,,,,,,,,,,,,,,,,,,,,,,,,,,,,,,,,,,,,,,,,,,,,
685,,,,,,,,,,,,,,,,,,,,,,,,,,,,,,,,,,,,,,,,,,,,,,,,,
686,,,,,,,,,,,,,,,,,,,,,,,,,,,,,,,,,,,,,,,,,,,,,,,,,
687,,,,,,,,,,,,,,,,,,,,,,,,,,,,,,,,,,,,,,,,,,,,,,,,,
688,,,,,,,,,,,,,,,,,,,,,,,,,,,,,,,,,,,,,,,,,,,,,,,,,
689,,,,,,,,,,,,,,,,,,,,,,,,,,,,,,,,,,,,,,,,,,,,,,,,,
690,,,,,,,,,,,,,,,,,,,,,,,,,,,,,,,,,,,,,,,,,,,,,,,,,
691,,,,,,,,,,,,,,,,,,,,,,,,,,,,,,,,,,,,,,,,,,,,,,,,,
692,,,,,,,,,,,,,,,,,,,,,,,,,,,,,,,,,,,,,,,,,,,,,,,,,
693,,,,,,,,,,,,,,,,,,,,,,,,,,,,,,,,,,,,,,,,,,,,,,,,,
694,,,,,,,,,,,,,,,,,,,,,,,,,,,,,,,,,,,,,,,,,,,,,,,,,
695,,,,,,,,,,,,,,,,,,,,,,,,,,,,,,,,,,,,,,,,,,,,,,,,,
696,,,,,,,,,,,,,,,,,,,,,,,,,,,,,,,,,,,,,,,,,,,,,,,,,
697,,,,,,,,,,,,,,,,,,,,,,,,,,,,,,,,,,,,,,,,,,,,,,,,,
698,,,,,,,,,,,,,,,,,,,,,,,,,,,,,,,,,,,,,,,,,,,,,,,,,
699,,,,,,,,,,,,,,,,,,,,,,,,,,,,,,,,,,,,,,,,,,,,,,,,,
700,,,,,,,,,,,,,,,,,,,,,,,,,,,,,,,,,,,,,,,,,,,,,,,,,
701,,,,,,,,,,,,,,,,,,,,,,,,,,,,,,,,,,,,,,,,,,,,,,,,,
702,,,,,,,,,,,,,,,,,,,,,,,,,,,,,,,,,,,,,,,,,,,,,,,,,
703,,,,,,,,,,,,,,,,,,,,,,,,,,,,,,,,,,,,,,,,,,,,,,,,,
704,,,,,,,,,,,,,,,,,,,,,,,,,,,,,,,,,,,,,,,,,,,,,,,,,
705,,,,,,,,,,,,,,,,,,,,,,,,,,,,,,,,,,,,,,,,,,,,,,,,,
706,,,,,,,,,,,,,,,,,,,,,,,,,,,,,,,,,,,,,,,,,,,,,,,,,
707,,,,,,,,,,,,,,,,,,,,,,,,,,,,,,,,,,,,,,,,,,,,,,,,,
708,,,,,,,,,,,,,,,,,,,,,,,,,,,,,,,,,,,,,,,,,,,,,,,,,
709,,,,,,,,,,,,,,,,,,,,,,,,,,,,,,,,,,,,,,,,,,,,,,,,,
710,,,,,,,,,,,,,,,,,,,,,,,,,,,,,,,,,,,,,,,,,,,,,,,,,
711,,,,,,,,,,,,,,,,,,,,,,,,,,,,,,,,,,,,,,,,,,,,,,,,,
712,,,,,,,,,,,,,,,,,,,,,,,,,,,,,,,,,,,,,,,,,,,,,,,,,
713,,,,,,,,,,,,,,,,,,,,,,,,,,,,,,,,,,,,,,,,,,,,,,,,,
714,,,,,,,,,,,,,,,,,,,,,,,,,,,,,,,,,,,,,,,,,,,,,,,,,
715,,,,,,,,,,,,,,,,,,,,,,,,,,,,,,,,,,,,,,,,,,,,,,,,,
716,,,,,,,,,,,,,,,,,,,,,,,,,,,,,,,,,,,,,,,,,,,,,,,,,
717,,,,,,,,,,,,,,,,,,,,,,,,,,,,,,,,,,,,,,,,,,,,,,,,,
718,,,,,,,,,,,,,,,,,,,,,,,,,,,,,,,,,,,,,,,,,,,,,,,,,
719,,,,,,,,,,,,,,,,,,,,,,,,,,,,,,,,,,,,,,,,,,,,,,,,,
720,,,,,,,,,,,,,,,,,,,,,,,,,,,,,,,,,,,,,,,,,,,,,,,,,
721,,,,,,,,,,,,,,,,,,,,,,,,,,,,,,,,,,,,,,,,,,,,,,,,,
722,,,,,,,,,,,,,,,,,,,,,,,,,,,,,,,,,,,,,,,,,,,,,,,,,
723,,,,,,,,,,,,,,,,,,,,,,,,,,,,,,,,,,,,,,,,,,,,,,,,,
724,,,,,,,,,,,,,,,,,,,,,,,,,,,,,,,,,,,,,,,,,,,,,,,,,
725,,,,,,,,,,,,,,,,,,,,,,,,,,,,,,,,,,,,,,,,,,,,,,,,,
726,,,,,,,,,,,,,,,,,,,,,,,,,,,,,,,,,,,,,,,,,,,,,,,,,
727,,,,,,,,,,,,,,,,,,,,,,,,,,,,,,,,,,,,,,,,,,,,,,,,,
728,,,,,,,,,,,,,,,,,,,,,,,,,,,,,,,,,,,,,,,,,,,,,,,,,
729,,,,,,,,,,,,,,,,,,,,,,,,,,,,,,,,,,,,,,,,,,,,,,,,,
730,,,,,,,,,,,,,,,,,,,,,,,,,,,,,,,,,,,,,,,,,,,,,,,,,
731,,,,,,,,,,,,,,,,,,,,,,,,,,,,,,,,,,,,,,,,,,,,,,,,,
732,,,,,,,,,,,,,,,,,,,,,,,,,,,,,,,,,,,,,,,,,,,,,,,,,
733,,,,,,,,,,,,,,,,,,,,,,,,,,,,,,,,,,,,,,,,,,,,,,,,,
734,,,,,,,,,,,,,,,,,,,,,,,,,,,,,,,,,,,,,,,,,,,,,,,,,
735,,,,,,,,,,,,,,,,,,,,,,,,,,,,,,,,,,,,,,,,,,,,,,,,,
736,,,,,,,,,,,,,,,,,,,,,,,,,,,,,,,,,,,,,,,,,,,,,,,,,
737,,,,,,,,,,,,,,,,,,,,,,,,,,,,,,,,,,,,,,,,,,,,,,,,,
738,,,,,,,,,,,,,,,,,,,,,,,,,,,,,,,,,,,,,,,,,,,,,,,,,
739,,,,,,,,,,,,,,,,,,,,,,,,,,,,,,,,,,,,,,,,,,,,,,,,,
740,,,,,,,,,,,,,,,,,,,,,,,,,,,,,,,,,,,,,,,,,,,,,,,,,
741,,,,,,,,,,,,,,,,,,,,,,,,,,,,,,,,,,,,,,,,,,,,,,,,,
742,,,,,,,,,,,,,,,,,,,,,,,,,,,,,,,,,,,,,,,,,,,,,,,,,
743,,,,,,,,,,,,,,,,,,,,,,,,,,,,,,,,,,,,,,,,,,,,,,,,,
744,,,,,,,,,,,,,,,,,,,,,,,,,,,,,,,,,,,,,,,,,,,,,,,,,
745,,,,,,,,,,,,,,,,,,,,,,,,,,,,,,,,,,,,,,,,,,,,,,,,,
746,,,,,,,,,,,,,,,,,,,,,,,,,,,,,,,,,,,,,,,,,,,,,,,,,
747,,,,,,,,,,,,,,,,,,,,,,,,,,,,,,,,,,,,,,,,,,,,,,,,,
748,,,,,,,,,,,,,,,,,,,,,,,,,,,,,,,,,,,,,,,,,,,,,,,,,
749,,,,,,,,,,,,,,,,,,,,,,,,,,,,,,,,,,,,,,,,,,,,,,,,,
750,,,,,,,,,,,,,,,,,,,,,,,,,,,,,,,,,,,,,,,,,,,,,,,,,
751,,,,,,,,,,,,,,,,,,,,,,,,,,,,,,,,,,,,,,,,,,,,,,,,,
752,,,,,,,,,,,,,,,,,,,,,,,,,,,,,,,,,,,,,,,,,,,,,,,,,
753,,,,,,,,,,,,,,,,,,,,,,,,,,,,,,,,,,,,,,,,,,,,,,,,,
754,,,,,,,,,,,,,,,,,,,,,,,,,,,,,,,,,,,,,,,,,,,,,,,,,
755,,,,,,,,,,,,,,,,,,,,,,,,,,,,,,,,,,,,,,,,,,,,,,,,,
756,,,,,,,,,,,,,,,,,,,,,,,,,,,,,,,,,,,,,,,,,,,,,,,,,
757,,,,,,,,,,,,,,,,,,,,,,,,,,,,,,,,,,,,,,,,,,,,,,,,,
758,,,,,,,,,,,,,,,,,,,,,,,,,,,,,,,,,,,,,,,,,,,,,,,,,
759,,,,,,,,,,,,,,,,,,,,,,,,,,,,,,,,,,,,,,,,,,,,,,,,,
760,,,,,,,,,,,,,,,,,,,,,,,,,,,,,,,,,,,,,,,,,,,,,,,,,
761,,,,,,,,,,,,,,,,,,,,,,,,,,,,,,,,,,,,,,,,,,,,,,,,,
762,,,,,,,,,,,,,,,,,,,,,,,,,,,,,,,,,,,,,,,,,,,,,,,,,
763,,,,,,,,,,,,,,,,,,,,,,,,,,,,,,,,,,,,,,,,,,,,,,,,,
764,,,,,,,,,,,,,,,,,,,,,,,,,,,,,,,,,,,,,,,,,,,,,,,,,
765,,,,,,,,,,,,,,,,,,,,,,,,,,,,,,,,,,,,,,,,,,,,,,,,,
766,,,,,,,,,,,,,,,,,,,,,,,,,,,,,,,,,,,,,,,,,,,,,,,,,
767,,,,,,,,,,,,,,,,,,,,,,,,,,,,,,,,,,,,,,,,,,,,,,,,,
768,,,,,,,,,,,,,,,,,,,,,,,,,,,,,,,,,,,,,,,,,,,,,,,,,
769,,,,,,,,,,,,,,,,,,,,,,,,,,,,,,,,,,,,,,,,,,,,,,,,,
770,,,,,,,,,,,,,,,,,,,,,,,,,,,,,,,,,,,,,,,,,,,,,,,,,
771,,,,,,,,,,,,,,,,,,,,,,,,,,,,,,,,,,,,,,,,,,,,,,,,,
772,,,,,,,,,,,,,,,,,,,,,,,,,,,,,,,,,,,,,,,,,,,,,,,,,
773,,,,,,,,,,,,,,,,,,,,,,,,,,,,,,,,,,,,,,,,,,,,,,,,,
774,,,,,,,,,,,,,,,,,,,,,,,,,,,,,,,,,,,,,,,,,,,,,,,,,
775,,,,,,,,,,,,,,,,,,,,,,,,,,,,,,,,,,,,,,,,,,,,,,,,,
776,,,,,,,,,,,,,,,,,,,,,,,,,,,,,,,,,,,,,,,,,,,,,,,,,
777,,,,,,,,,,,,,,,,,,,,,,,,,,,,,,,,,,,,,,,,,,,,,,,,,
778,,,,,,,,,,,,,,,,,,,,,,,,,,,,,,,,,,,,,,,,,,,,,,,,,
779,,,,,,,,,,,,,,,,,,,,,,,,,,,,,,,,,,,,,,,,,,,,,,,,,
780,,,,,,,,,,,,,,,,,,,,,,,,,,,,,,,,,,,,,,,,,,,,,,,,,
781,,,,,,,,,,,,,,,,,,,,,,,,,,,,,,,,,,,,,,,,,,,,,,,,,
782,,,,,,,,,,,,,,,,,,,,,,,,,,,,,,,,,,,,,,,,,,,,,,,,,
783,,,,,,,,,,,,,,,,,,,,,,,,,,,,,,,,,,,,,,,,,,,,,,,,,
784,,,,,,,,,,,,,,,,,,,,,,,,,,,,,,,,,,,,,,,,,,,,,,,,,
785,,,,,,,,,,,,,,,,,,,,,,,,,,,,,,,,,,,,,,,,,,,,,,,,,
786,,,,,,,,,,,,,,,,,,,,,,,,,,,,,,,,,,,,,,,,,,,,,,,,,
787,,,,,,,,,,,,,,,,,,,,,,,,,,,,,,,,,,,,,,,,,,,,,,,,,
788,,,,,,,,,,,,,,,,,,,,,,,,,,,,,,,,,,,,,,,,,,,,,,,,,
789,,,,,,,,,,,,,,,,,,,,,,,,,,,,,,,,,,,,,,,,,,,,,,,,,
790,,,,,,,,,,,,,,,,,,,,,,,,,,,,,,,,,,,,,,,,,,,,,,,,,
791,,,,,,,,,,,,,,,,,,,,,,,,,,,,,,,,,,,,,,,,,,,,,,,,,
792,,,,,,,,,,,,,,,,,,,,,,,,,,,,,,,,,,,,,,,,,,,,,,,,,
793,,,,,,,,,,,,,,,,,,,,,,,,,,,,,,,,,,,,,,,,,,,,,,,,,
794,,,,,,,,,,,,,,,,,,,,,,,,,,,,,,,,,,,,,,,,,,,,,,,,,
795,,,,,,,,,,,,,,,,,,,,,,,,,,,,,,,,,,,,,,,,,,,,,,,,,
796,,,,,,,,,,,,,,,,,,,,,,,,,,,,,,,,,,,,,,,,,,,,,,,,,
797,,,,,,,,,,,,,,,,,,,,,,,,,,,,,,,,,,,,,,,,,,,,,,,,,
798,,,,,,,,,,,,,,,,,,,,,,,,,,,,,,,,,,,,,,,,,,,,,,,,,
799,,,,,,,,,,,,,,,,,,,,,,,,,,,,,,,,,,,,,,,,,,,,,,,,,
800,,,,,,,,,,,,,,,,,,,,,,,,,,,,,,,,,,,,,,,,,,,,,,,,,